,token,surprisal,entropy,KL,PE,predictions
0,<s>,,,,,De
1,De,3.3539514541625977,7.5221967697143555,3.9029901027679443,0.4458739324217331,Volkskrant
2,gouden,6.662109851837158,8.407064437866211,3.038973808288574,0.7924418685112472,tip
3,vogel,6.339624404907227,6.154205322265625,5.901473522186279,1.030128842463342,Ċ
4,Voor,11.444254875183105,3.8448619842529297,4.7297468185424805,2.9765060285790113,de
5,lange,10.579595565795898,6.276371955871582,7.620792865753174,1.6856227833818271,tijd
6,tijden,7.551785469055176,1.4835350513458252,5.284767150878906,5.090399085754252,is
7,was,3.032947301864624,5.879945755004883,3.213805675506592,0.515812122804542,het
8,er,3.653719663619995,4.8143696784973145,2.1421782970428467,0.7589196317721103,een
9,een,1.403822660446167,4.589388847351074,2.8852577209472656,0.3058844449967303,vogel
10,koning,5.7691426277160645,7.263143539428711,3.9721105098724365,0.7943038157510848,van
11,.,2.208073854446411,3.46610951423645,5.867199897766113,0.6370467653653547,Ċ
12,</s>,4.714606761932373,1.1250224113464355,12.753055572509766,4.190678082839163,<unk>
13,<s>,,,,,de
14,Hij,6.9470062255859375,8.104543685913086,3.6481165885925293,0.8571742586397403,was
15,had,3.2493386268615723,4.98533821105957,5.569045066833496,0.6517789745243716,een
16,een,2.0493035316467285,5.1072187423706055,3.2160840034484863,0.4012562678479497,gouden
17,prachtige,5.649401664733887,7.227259635925293,1.2502031326293945,0.7816796336818753,naam
18,tuin,5.317625045776367,5.960631370544434,5.187098503112793,0.8921244605151055,","
19,achter,5.9316582679748535,3.65460467338562,7.233738422393799,1.623064270445365,zich
20,zijn,2.0246212482452393,2.079707145690918,6.535458564758301,0.9735126661656114,rug
21,paleis,4.408586025238037,3.9359636306762695,6.082786560058594,1.1200779374276288,.
22,.,1.2937579154968262,2.8871917724609375,3.7968859672546387,0.4481025222630341,Ċ
23,</s>,0.013121304102241993,0.08622953295707703,6.491260528564453,0.15216717117989564,Ċ
24,<s>,,,,,de
25,En,5.925311088562012,8.102686882019043,2.3801286220550537,0.731277312678968,dat
26,daarin,7.573389053344727,4.943118095397949,4.156729221343994,1.53210765091685,was
27,stond,3.3330962657928467,4.9827775955200195,3.334134340286255,0.668923346847672,een
28,een,1.17612886428833,3.652445077896118,4.117300510406494,0.32201137572363003,grote
29,boom,6.419312953948975,7.1786580085754395,6.346951961517334,0.8942218651843602,.
30,",",2.2302308082580566,3.5576865673065186,2.7316670417785645,0.6268766981197383,een
31,die,2.5678372383117676,4.72209358215332,1.4227206707000732,0.5437921111975949,hij
32,gouden,9.085426330566406,5.246472358703613,4.851144790649414,1.7317209944876917,vogel
33,appelen,12.795775413513184,1.3558647632598877,9.172327041625977,9.437353754034046,op
34,droeg,5.030979156494141,5.098628044128418,1.5374835729599,0.9867319429758792,.
35,.,0.7047985792160034,2.4189541339874268,5.044592380523682,0.29136500329347165,
36,</s>,0.00024613787536509335,0.0027585364878177643,10.906394004821777,0.08922770333185233,Ċ
37,<s>,,,,,de
38,Toen,8.612427711486816,8.087450981140137,2.8004584312438965,1.0649125084740447,hij
39,de,2.5040152072906494,4.466980934143066,4.344478607177734,0.5605609793745433,koning
40,appelen,10.09001562744379,0.6286289691925049,7.750502109527588,16.050828265844565,van
41,rijpten,12.397185325622559,2.388984203338623,2.4320318698883057,5.189312389884119,","
42,werden,4.634960174560547,3.301577091217041,0.921017050743103,1.403862471329418,","
43,zij,9.265641212463379,3.539801836013794,1.9121712446212769,2.6175592989966665,in
44,geteld,9.160529136657715,6.134296417236328,3.3578758239746094,1.493330043673499,","
45,.,2.2214369773864746,2.3574013710021973,5.965953350067139,0.9423244614649899,
46,</s>,0.0002711782872211188,0.003033722983673215,10.738561630249023,0.089387952914797,De
47,<s>,,,,,de
48,Maar,6.63221549987793,8.07491683959961,2.103645086288452,0.8213354554134065,de
49,de,2.5295562744140625,4.877663612365723,4.384730339050293,0.5185999846322323,koning
50,volgende,5.517345905303955,7.134659767150879,5.0583720207214355,0.7733159092892843,dag
51,morgen,2.6710562705993652,2.256631374359131,5.134655952453613,1.1836475823872334,was
52,ontbrak,9.52975082397461,5.476189613342285,3.252065658569336,1.7402156420508443,de
53,er,2.3535213470458984,3.7647643089294434,1.9922692775726318,0.6251444058433371,een
54,al,4.366960048675537,3.5313117504119873,0.8722422122955322,1.2366396278000824,een
55,een,1.3179235458374023,4.237880706787109,4.250771522521973,0.3109864663549173,paar
56,.,4.8762898445129395,6.965606689453125,5.574676036834717,0.7000524235593584,Ċ
57,</s>,0.0002743978111539036,0.003094084793701768,10.78394603729248,0.08868464487866011,De
58,<s>,,,,,de
59,Het,5.678718090057373,8.091954231262207,2.9426774978637695,0.7017733822712922,was
60,werd,4.284585475921631,5.810394287109375,3.884774684906006,0.7374001253972006,een
61,de,3.7800886631011963,5.819649696350098,4.576226234436035,0.6495388657966732,eerste
62,koning,4.772248268127441,6.440267562866211,5.307387351989746,0.7410015533583786,van
63,gemeld,9.965835571289062,5.075928211212158,1.4677060842514038,1.9633523479066637,.
64,.,1.2974063158035278,2.9418394565582275,7.003653049468994,0.4410187350336969,Ċ
65,</s>,0.00017423955432604998,0.002127190586179495,11.027820587158203,0.08191064564599734,De
66,<s>,,,,,de
67,En,5.883683681488037,8.093782424926758,2.5048928260803223,0.7269387009178566,dat
68,hij,3.293733835220337,4.6186442375183105,4.412446022033691,0.7131386757318476,was
69,beval,8.019013404846191,4.784014701843262,5.150889873504639,1.6762100253907033,de
70,dat,3.2377736568450928,4.596195220947266,1.2726311683654785,0.7044465043801588,hij
71,er,2.7682933807373047,3.5301766395568848,2.657020092010498,0.784179848032983,een
72,alle,6.365809440612793,4.74884557723999,3.300888776779175,1.3404961978807017,vogels
73,nachten,8.630911827087402,7.152303695678711,3.520737409591675,1.2067317320854314,van
74,onder,6.213545322418213,5.742531776428223,2.8483693599700928,1.0820219311494963,de
75,de,0.9269774556159973,3.656130790710449,4.096314430236816,0.25354056205299746,zon
76,boom,3.052387237548828,5.97463321685791,5.656538963317871,0.5108911504284934,een
77,zou,5.503121376037598,5.869194507598877,2.296985149383545,0.9376280457075801,blijven
78,gewaakt,14.261786937713623,3.6811001300811768,8.546102523803711,3.87432735696845,worden
79,worden,1.0548661947250366,3.6504199504852295,1.6226071119308472,0.28897118935174,.
80,.,0.7280177474021912,2.7929768562316895,7.51063871383667,0.2606601432367182,
81,</s>,0.000104194346931763,0.001313388580456376,11.849081993103027,0.07933245993014311,De
82,<s>,,,,,de
83,De,4.329839706420898,8.088233947753906,3.1712841987609863,0.5353257255402819,koning
84,koning,2.166834592819214,6.9403886795043945,6.9056854248046875,0.31220651938674204,was
85,had,2.646618604660034,5.223952293395996,4.053803443908691,0.5066314652233387,een
86,drie,6.0940117835998535,5.099698066711426,5.000730037689209,1.1949750169287214,dagen
87,zonen,3.106123447418213,5.951420307159424,4.222519397735596,0.5219129698639527,.
88,.,1.2890290021896362,3.204845666885376,6.590153694152832,0.40221250449241663,
89,</s>,5.185738700674847e-05,0.0007050042040646076,12.709099769592285,0.07355613868367256,De
90,<s>,,,,,de
91,De,4.323955535888672,8.096442222595215,3.240352153778076,0.5340562455718583,koning
92,oudste,5.42872953414917,6.732414722442627,4.819764137268066,0.8063569696697979,was
93,zond,8.468350410461426,4.413992881774902,6.537804126739502,1.9185238031141167,de
94,hij,2.9408068656921387,4.381189346313477,1.3143739700317383,0.6712348253486605,een
95,uit,4.651163578033447,4.990322113037109,1.1476612091064453,0.9320367448590908,naar
96,om,3.199465036392212,3.9033162593841553,1.340221881866455,0.8196786588071668,de
97,bij,4.979556560516357,5.18032169342041,1.2987500429153442,0.9612446591571626,de
98,de,1.4198676347732544,4.578126907348633,3.482343912124634,0.3101416067112813,koning
99,boom,5.88500452041626,7.067267417907715,5.826973915100098,0.8327128679897233,te
100,te,1.5167745351791382,4.546440124511719,4.909049034118652,0.3336180602052991,komen
101,waken,5.433436393737793,4.420341491699219,8.710408210754395,1.2291892841177599,.
102,",",1.9105422496795654,2.1906166076660156,3.0580406188964844,0.8721481627563965,maar
103,toen,4.357021808624268,4.5691118240356445,1.7778656482696533,0.9535817849115259,hij
104,de,1.8736563920974731,3.421093463897705,4.49528694152832,0.5476776392898624,koning
105,nacht,5.836601734161377,6.777057647705078,5.772848129272461,0.8612294652883514,van
106,aanbrak,4.1790154576301575,1.4069477319717407,9.865684509277344,2.9702705812486396,.
107,.,0.8803398609161377,2.769775867462158,6.4218950271606445,0.3178379417836289,
108,</s>,0.00010729411587817594,0.0013244928559288383,12.275322914123535,0.08100769694445267,De
109,<s>,,,,,de
110,Maar,6.72907018661499,8.084596633911133,2.1897382736206055,0.8323322104147611,de
111,toen,2.891810894012451,4.482976913452148,1.2704665660858154,0.6450648642278176,hij
112,het,3.091557025909424,4.3188581466674805,4.018070697784424,0.7158274064395777,weer
113,middernacht,5.855693340301514,6.6985554695129395,10.012144088745117,0.8741725536128595,elijk
114,was,2.7559874057769775,2.439605474472046,4.102241516113281,1.1296856949271274,","
115,kon,8.575213432312012,2.9209585189819336,3.5688772201538086,2.935753238735072,hij
116,hij,0.764481246471405,2.7853903770446777,2.8187766075134277,0.27446107833636085,niet
117,zich,2.9725680351257324,4.119711875915527,0.5210072994232178,0.7215475559113308,niet
118,niet,1.0187715291976929,4.101975440979004,3.419018268585205,0.24836119666151543,meer
119,meer,1.2672830820083618,4.002336025238037,0.9834927320480347,0.31663585316602466,inhouden
120,verweren,8.786461591720581,3.1914055347442627,9.980171203613281,2.753163612729232,.
121,tegen,6.23114013671875,2.0507352352142334,6.3235883712768555,3.038490795750044,de
122,de,0.768602192401886,2.9539458751678467,3.9426066875457764,0.26019508307958183,zon
123,slaap,5.044501304626465,7.027538776397705,7.022073268890381,0.7178190637052964,.
124,.,1.406105637550354,3.9716737270355225,7.599152565002441,0.35403352193279947,Ċ
125,</s>,0.00012446223990991712,0.0014708798844367266,12.104436874389648,0.08461754166797918,De
126,<s>,,,,,de
127,En,6.015617847442627,8.086008071899414,2.8006510734558105,0.7439539750582453,toen
128,Ã¢ÂĢÂs,77.98112297058105,6.566164970397949,2.2550110816955566,11.876205261692492,vader
129,morgens,5.7865166664123535,7.570716857910156,2.7464332580566406,0.76432876503186,vroeg
130,miste,8.80361270904541,4.856931686401367,5.519081115722656,1.8125873035633009,hij
131,men,4.913919448852539,2.0932583808898926,2.6131792068481445,2.347497802332227,hem
132,weer,6.136995315551758,4.260811805725098,0.8550710082054138,1.440334752007986,een
133,een,1.5067750215530396,4.240728378295898,4.059699535369873,0.35531042951600794,van
134,appel,5.473410129547119,7.141836166381836,4.269967555999756,0.7663869629650204,.
135,.,1.1091959476470947,3.402143955230713,6.858463287353516,0.32602851679504424,
136,</s>,0.00047170318430289626,0.00533567788079381,10.447229385375977,0.08840548377195498,De
137,<s>,,,,,de
138,De,4.418849468231201,8.103147506713867,3.4205806255340576,0.545325068384842,koning
139,nacht,4.5052032470703125,6.5120849609375,6.143692493438721,0.6918219393780344,was
140,daarop,4.735175609588623,4.847764015197754,1.0344871282577515,0.9767751884670611,was
141,moest,5.078078746795654,5.187084197998047,4.720710277557373,0.978985216541412,hij
142,de,2.55490779876709,2.921398639678955,5.433252334594727,0.8745495270881141,koning
143,tweede,6.687589168548584,5.6245527267456055,1.6858060359954834,1.1889992846449955,dag
144,zoon,3.4272944927215576,5.7984466552734375,2.9364206790924072,0.591071143097364,van
145,waken,9.31052303314209,4.648651123046875,2.7892401218414307,2.0028440050023963,.
146,.,0.9507653117179871,2.4369845390319824,7.275232315063477,0.3901400671567861,
147,</s>,0.0003859549469780177,0.0043985480442643166,10.825647354125977,0.08774598869763418,De
148,<s>,,,,,de
149,Maar,6.764371395111084,8.10694408416748,2.139986515045166,0.8343922598802199,de
150,hem,6.46510648727417,4.571413993835449,2.985445261001587,1.4142465539092204,had
151,ging,4.7073516845703125,6.130978107452393,1.9621598720550537,0.7677978296559862,er
152,het,3.3721506595611572,5.010561943054199,1.3892955780029297,0.6730084764715343,niet
153,niet,2.0561957359313965,5.650148391723633,1.9877427816390991,0.36391889086370244,.
154,beter,6.1787567138671875,3.7488043308258057,1.7138680219650269,1.6481939756258497,.
155,.,0.9539246559143066,2.5903258323669434,7.772022724151611,0.36826434883006426,Ċ
156,</s>,0.0004737307026516646,0.005295359995216131,10.564027786254883,0.08946147251171527,De
157,<s>,,,,,de
158,Om,7.987284183502197,8.107954025268555,2.407134771347046,0.9851171033542756,de
159,twaalf,4.939550876617432,5.022713661193848,7.699166297912598,0.9834426586530419,uur
160,uur,0.137599378824234,1.0216318368911743,4.183037757873535,0.13468587592468625,'
161,te,7.416574001312256,4.200709819793701,5.366462707519531,1.7655525659890707,gaan
162,middernacht,7.3365044593811035,4.656466484069824,7.1308770179748535,1.5755518663089108,was
163,sliep,5.723658561706543,5.224459171295166,5.622913360595703,1.0955504434131933,hij
164,hij,0.5190457105636597,2.7941462993621826,4.249682426452637,0.1857618230949975,niet
165,in,2.534907102584839,4.442842960357666,3.532928943634033,0.5705596900910423,de
166,.,6.156163692474365,2.9682631492614746,7.239623546600342,2.073995256790512,
167,</s>,0.0003194127057213336,0.0036412402987480164,11.23476505279541,0.08772085320245376,De
168,<s>,,,,,de
169,En,6.008878231048584,8.112306594848633,2.698028564453125,0.7407114315507085,toen
170,Ã¢ÂĢÂs,39.81194418668747,5.016193389892578,8.504337310791016,7.936684472115227,nachts
171,morgens,2.5913443565368652,4.907087802886963,2.6768059730529785,0.5280819216261654,vroeg
172,ontbrak,9.009171485900879,4.375932693481445,4.136110305786133,2.0588002871527893,hij
173,er,2.4315783977508545,4.142550468444824,1.5717380046844482,0.5869761675260182,een
174,een,1.8399381637573242,4.007300853729248,4.6383957862854,0.4591465005790751,man
175,appel,5.6370673179626465,6.9614176750183105,3.1005167961120605,0.8097585263691018,.
176,.,1.1220347881317139,3.0741379261016846,7.372078895568848,0.3649916871344047,
177,</s>,0.0003161930071655661,0.0038548484444618225,11.108603477478027,0.082024757061418,De
178,<s>,,,,,de
179,Nu,7.915674209594727,8.107028007507324,2.252049446105957,0.9763965539855791,was
180,kwam,4.24450159072876,5.509697914123535,1.9759657382965088,0.7703692029736192,hij
181,de,1.9965778589248657,3.1405513286590576,5.587419509887695,0.6357411963641931,koning
182,beurt,8.44489860534668,5.980365753173828,7.571710109710693,1.412104034082682,aan
183,aan,0.47954878211021423,2.2977633476257324,2.6933209896087646,0.2087024247321769,.
184,de,1.7901670932769775,3.998627185821533,4.525409698486328,0.44769542397566153,boom
185,derde,5.810518264770508,7.146187782287598,3.9687306880950928,0.8130934201270705,.
186,zoon,2.102970600128174,4.281460762023926,1.2974798679351807,0.4911806313352877,.
187,.,1.4177366495132446,3.569826364517212,5.530729293823242,0.39714442797695604,
188,</s>,0.00031511980341747403,0.0037459719460457563,11.196571350097656,0.0841223073627431,De
189,<s>,,,,,de
190,En,6.0133957862854,8.115379333496094,2.4046590328216553,0.7409876407705563,toen
191,hij,2.535125494003296,4.737557411193848,3.3306970596313477,0.535112353047866,was
192,was,2.300828695297241,5.168846130371094,3.929487466812134,0.4451339113729924,er
193,ook,4.3393049240112305,5.512784957885742,0.3693590462207794,0.7871348070278142,niet
194,bereid,7.024433135986328,4.812628746032715,2.1236329078674316,1.4595834224231221,om
195,.,3.634683132171631,4.045602321624756,6.390986442565918,0.8984281803338259,
196,</s>,0.0003717636573128402,0.0044171977788209915,10.992122650146484,0.08416278281568566,De
197,<s>,,,,,de
198,Maar,6.738590240478516,8.117854118347168,2.202122688293457,0.8300950155347856,hij
199,de,2.443540573120117,4.597550392150879,4.929706573486328,0.5314875019731871,koning
200,koning,2.9085333347320557,6.374200820922852,6.850059509277344,0.45629772522776596,was
201,had,2.8131797313690186,5.145737171173096,3.7735092639923096,0.5467010144102805,een
202,niet,3.4948465824127197,4.970008850097656,1.5701271295547485,0.7031871949974594,de
203,veel,2.983509063720703,4.90708589553833,3.4298758506774902,0.608000171024803,tijd
204,verwachting,13.5355224609375,4.60954475402832,2.566777229309082,2.936411984959836,.
205,van,3.05867075920105,3.5983338356018066,4.16952657699585,0.8500241775620297,de
206,hem,3.110231399536133,4.699977874755859,3.759504556655884,0.6617544768118071,.
207,en,3.827951669692993,3.922844648361206,2.8347890377044678,0.9758101614582533,hij
208,meende,7.048567295074463,5.712454319000244,1.0881853103637695,1.2338947327123757,dat
209,dat,1.6095653772354126,3.9128804206848145,0.7152620553970337,0.41135051526918726,hij
210,hij,0.97216796875,3.021442413330078,1.8480474948883057,0.32175624610979314,het
211,nog,3.86613392829895,5.190982818603516,1.955052137374878,0.7447787949602619,steeds
212,minder,5.936398983001709,3.957204818725586,2.9660115242004395,1.5001495386113273,van
213,zou,6.275111675262451,5.875009536743164,4.447826385498047,1.0681023811139352,zijn
214,uitrichten,13.065958976745605,4.37418270111084,2.962282180786133,2.987062925704374,.
215,dan,2.8454384803771973,2.913649559020996,3.3302836418151855,0.9765891273943328,hij
216,zijn,2.905562400817871,4.249839782714844,5.241127014160156,0.6836875151471631,vader
217,broers,3.989647388458252,5.352752685546875,4.250451564788818,0.7453449884263879,.
218,.,0.9407537579536438,3.376209259033203,5.444934844970703,0.27864201705999525,
219,</s>,0.00026998587418347597,0.0031370024662464857,11.484457015991211,0.0860649225139188,De
220,<s>,,,,,de
221,Maar,6.7419047355651855,8.11610221862793,2.2562520503997803,0.8306825806224186,hij
222,hij,1.9364057779312134,4.570141315460205,4.048391819000244,0.42370807471108163,was
223,gaf,5.094969749450684,4.677000522613525,5.105338096618652,1.0893669403747672,hem
224,hem,2.165738105773926,4.526087284088135,0.5320432186126709,0.4785011799016276,een
225,toch,4.285008430480957,4.753412246704102,0.8415815234184265,0.9014594586135625,niet
226,verlof,9.667826652526855,4.734657287597656,2.296041250228882,2.0419274437986337,.
227,te,5.2487030029296875,2.996852397918701,6.655945301055908,1.751405243239502,geven
228,gaan,2.826359987258911,4.535318374633789,5.402342796325684,0.6231888819684307,.
229,.,0.9216942191123962,2.982351779937744,6.8159332275390625,0.30904946402118816,
230,</s>,0.0010527546983212233,0.011196216568350792,10.055746078491211,0.09402771837203704,De
231,<s>,,,,,de
232,De,4.441361427307129,8.117085456848145,3.3559868335723877,0.5471620880324827,koning
233,jongeling,7.1751389503479,6.467629909515381,6.50521183013916,1.109392320019983,was
234,legde,5.7226176261901855,5.29568338394165,3.8831324577331543,1.0806192914673012,zijn
235,zich,3.644458055496216,4.005290985107422,1.899654746055603,0.9099109325757193,op
236,onder,4.348830223083496,4.519264221191406,4.995062351226807,0.9622872242546202,de
237,de,1.0924233198165894,3.5715138912200928,4.590613842010498,0.3058712224253447,indruk
238,boom,3.9773404598236084,6.158362865447998,5.852973937988281,0.6458437975681499,.
239,en,1.851143717765808,3.5381124019622803,4.010370254516602,0.5232009352611695,ging
240,bleef,4.283867359161377,5.742639064788818,3.4011716842651367,0.7459753801049506,in
241,waken,4.892195701599121,5.271587371826172,3.914775848388672,0.9280308484964704,.
242,.,0.8650773763656616,2.57171630859375,7.946477890014648,0.3363813393704759,
243,</s>,0.0004974648472853005,0.005485204514116049,10.824742317199707,0.09069212387707441,De
244,<s>,,,,,de
245,Hij,6.784593105316162,8.116680145263672,3.715967893600464,0.8358827727460933,was
246,liet,4.163327693939209,5.018509864807129,5.959473133087158,0.8295944027399483,zijn
247,de,2.342395305633545,3.533480167388916,5.327883720397949,0.6629145190206261,koning
248,slaap,5.376214027404785,6.716797828674316,6.65280818939209,0.800413257110923,vallen
249,niet,2.3400683403015137,5.0391998291015625,2.07889986038208,0.4643729996154417,vatten
250,over,3.9569320678710938,3.760403871536255,3.9873785972595215,1.0522625236673182,.
251,zich,3.8839685916900635,4.145906448364258,4.284185409545898,0.9368201236722212,heen
252,baas,13.217893600463867,4.072605609893799,2.8794169425964355,3.2455618998198426,.
253,worden,2.9853224754333496,4.060301780700684,0.8667458891868591,0.7352464512916511,.
254,.,0.625273585319519,2.1401207447052,7.19087553024292,0.2921674334807917,
255,</s>,0.00045423093251883984,0.004953349940478802,10.922597885131836,0.09170176506344974,De
256,<s>,,,,,de
257,Toen,8.751723289489746,8.120859146118164,2.963486671447754,1.0776844090040818,hij
258,het,2.816756248474121,3.954216718673706,4.100955963134766,0.7123424053042031,was
259,twaalf,8.356128692626953,6.676641464233398,5.20815372467041,1.2515467151247412,uur
260,uur,0.160601407289505,0.9053839445114136,5.485666275024414,0.17738486336442916,was
261,sloeg,5.878440856933594,4.5006818771362305,3.200166702270508,1.306122276003659,","
262,",",1.3460301160812378,3.7510080337524414,1.8557922840118408,0.3588449035484185,was
263,ruiste,12.347326517105103,4.437707424163818,7.551041126251221,2.782366059076476,hij
264,het,1.949591875076294,3.403930187225342,4.2487945556640625,0.5727473149693096,huis
265,in,4.168960094451904,6.843671798706055,3.57905650138855,0.6091700796113771,de
266,de,1.156595230102539,3.5052742958068848,5.469945430755615,0.3299585517418974,nacht
267,lucht,3.2094836235046387,5.838825225830078,6.236931324005127,0.549679687158021,.
268,.,1.1963567733764648,3.7676165103912354,6.8246049880981445,0.317536768956412,Ċ
269,</s>,0.000751956831663847,0.007918915711343288,10.368263244628906,0.09495704450884883,De
270,<s>,,,,,de
271,En,6.04934024810791,8.132366180419922,2.560692071914673,0.7438597960176392,toen
272,hij,2.165733814239502,4.64061164855957,3.2428650856018066,0.4666914575607158,was
273,zag,4.428186416625977,5.266244888305664,4.707421779632568,0.8408622292630755,er
274,in,3.7714688777923584,3.898038864135742,1.6819446086883545,0.9675298295489297,de
275,de,1.2328039407730103,3.221764087677002,5.6847734451293945,0.38264873132343546,verte
276,maneschijn,11.956057399511337,1.5274193286895752,4.407266616821289,7.827619550794112,van
277,een,5.179369926452637,4.561448574066162,5.3694000244140625,1.1354660350441368,man
278,vogel,5.987472057342529,7.188741207122803,5.00970458984375,0.8328957580793112,versch
279,vliegen,5.848808288574219,4.950892448425293,0.9781512022018433,1.1813644407554282,.
280,met,4.2238311767578125,3.520082950592041,4.8169660568237305,1.1999237620373147,een
281,glanzend,8.512327194213867,4.386009693145752,2.883735418319702,1.940790784734591,zwart
282,goud,3.5872342586517334,5.086756706237793,5.026348114013672,0.7052105036304913,draad
283,gevederte,15.213823556900024,1.8476924896240234,8.596099853515625,8.233958649686237,ogen
284,.,5.682196617126465,6.242092132568359,7.5867462158203125,0.9103032279000469,
285,</s>,0.0007578621152788401,0.007830792106688023,10.192829132080078,0.09677975164627023,De
286,<s>,,,,,de
287,De,4.450433254241943,8.136444091796875,3.3444747924804688,0.5469752147291037,koning
288,vogel,4.249504566192627,6.664130687713623,6.312399387359619,0.6376682519187775,vloog
289,liet,5.325681686401367,5.6209397315979,4.119131088256836,0.9474717646345234,zich
290,zich,1.2697410583496094,3.2564868927001953,2.4830520153045654,0.3899113063208962,niet
291,op,2.7455906867980957,5.219046592712402,3.693765640258789,0.5260713116897426,de
292,de,1.5875951051712036,3.4856040477752686,4.587924957275391,0.45547201673251053,grond
293,boom,4.628973007202148,5.160758018493652,6.92086935043335,0.8969560267336999,vallen
294,neer,5.304981231689453,3.370382308959961,3.7288646697998047,1.5739998449393933,vallen
295,.,2.0707054138183594,3.5178909301757812,7.414854049682617,0.5886212662411596,Ċ
296,</s>,0.0005350948194973171,0.005909870844334364,10.61125659942627,0.09054255728960613,De
297,<s>,,,,,de
298,En,6.063006401062012,8.13454818725586,2.470539093017578,0.7453402772339259,hij
299,hij,2.0224928855895996,4.699864387512207,3.044837474822998,0.4303300518550008,was
300,had,3.1010324954986572,5.465515613555908,4.42889404296875,0.5673815088566,een
301,juist,7.008656978607178,4.972414970397949,0.3005915582180023,1.4095076578144614,een
302,even,5.9801716804504395,4.863003253936768,1.3857922554016113,1.2297280853368309,later
303,een,2.5470540523529053,5.135839462280273,4.550061225891113,0.49593724084631585,paar
304,appel,5.959096431732178,7.057590484619141,4.85807991027832,0.8443528205155924,in
305,aangepikt,12.379231691360474,3.340895175933838,7.016759872436523,3.7053636942979704,.
306,toen,3.4260265827178955,2.9643442630767822,4.727108001708984,1.1557451762238706,hij
307,de,2.1013007164001465,2.417771339416504,5.94802188873291,0.8691064709648129,zon
308,jongeling,6.453406810760498,6.552178382873535,4.909296035766602,0.9849253841483907,hem
309,een,4.047636032104492,5.284769535064697,5.439269065856934,0.7659058744659033,paar
310,pijl,6.022366523742676,7.235339164733887,6.073843955993652,0.8323544185871177,tje
311,op,3.842578411102295,4.571906089782715,4.268042087554932,0.8404762336850444,de
312,hem,4.124129295349121,2.6797988414764404,5.064319610595703,1.538969728443096,neer
313,afschoot,8.013842821121216,3.355480194091797,7.02806282043457,2.388284942116985,.
314,.,0.6711071133613586,2.2057595252990723,5.5483832359313965,0.30425216605167565,
315,</s>,0.0005436825449578464,0.005815926007926464,10.641724586486816,0.09348168188812361,De
316,<s>,,,,,de
317,De,4.45251989364624,8.124992370605469,3.7411577701568604,0.5480029630248676,jongen
318,vogel,3.3874592781066895,6.425695896148682,6.353798866271973,0.5271739174798179,vloog
319,vloog,2.1074676513671875,5.459153175354004,2.9692323207855225,0.38604296008428574,weg
320,weg,2.7188847064971924,4.979226589202881,2.155748128890991,0.5460455871586386,.
321,",",1.8743878602981567,2.2664542198181152,3.6859021186828613,0.8270133338270463,maar
322,maar,2.1943516731262207,5.4922051429748535,0.96962571144104,0.39953927721236754,hij
323,de,2.176264762878418,4.738810062408447,5.491338729858398,0.4592428762110705,jongen
324,pijl,3.937547445297241,6.470004558563232,6.776179313659668,0.6085849568816434,was
325,had,2.888375759124756,4.713332176208496,4.402218818664551,0.6128097174445758,een
326,zijn,3.8269214630126953,4.733793258666992,4.804106712341309,0.8084259818499834,vleugels
327,veren,6.479670524597168,5.9398016929626465,4.40814733505249,1.0908900430588695,en
328,getroffen,8.93069839477539,6.040162086486816,1.825722575187683,1.4785527717468618,.
329,en,1.7875795364379883,2.419227123260498,3.3768343925476074,0.7389052145004018,hij
330,een,3.9966084957122803,5.372557163238525,4.476622581481934,0.7438931544663479,paar
331,van,4.368455410003662,7.191163539886475,6.688318252563477,0.6074754642657767,de
332,zijn,1.166210412979126,2.359665632247925,6.292215347290039,0.4942269773485411,vleugels
333,gouden,6.664214134216309,5.399165153503418,1.6171891689300537,1.2343045535275068,ogen
334,veren,3.432685613632202,6.161581516265869,4.306091785430908,0.5571111255398157,.
335,viel,4.512481689453125,6.308998107910156,1.2250113487243652,0.7152453705439256,op
336,naar,4.701743125915527,3.936121940612793,5.256982803344727,1.1945115514341862,voren
337,beneden,1.7023932933807373,2.733736515045166,7.039183139801025,0.6227349578174731,.
338,.,0.6443312764167786,2.37442684173584,6.654054164886475,0.2713628674892068,Ċ
339,</s>,0.0003621041541919112,0.004004825837910175,11.153921127319336,0.0904169541567048,De
340,<s>,,,,,de
341,De,4.45113468170166,8.120309829711914,4.105420112609863,0.548148380424491,jongen
342,jongeling,4.498124599456787,6.168191909790039,6.840506076812744,0.729245241594615,was
343,raapte,6.185506343841553,5.358035087585449,5.503445625305176,1.1544355799709771,het
344,haar,4.502291679382324,3.065530776977539,3.253892421722412,1.4686825893887647,op
345,op,1.795954942703247,5.587230205535889,2.8114802837371826,0.32143922420160803,en
346,en,1.0470728874206543,2.569085121154785,6.006380558013916,0.4075664441005375,ging
347,bracht,5.152928829193115,5.736027717590332,3.3811166286468506,0.8983444785998745,hem
348,ze,3.9925601482391357,2.6378040313720703,1.7866145372390747,1.5135924051804488,op
349,Ã¢ÂĢÂs,48.651546597480774,4.0226030349731445,4.240531921386719,12.094543303054406,nachts
350,morgens,3.574268102645874,6.655235290527344,3.3884682655334473,0.5370611175435479,vroeg
351,bij,4.861608028411865,4.606915473937988,3.9099411964416504,1.055284833402026,de
352,de,1.4340382814407349,3.555665969848633,5.615234375,0.40331074223538016,boom
353,koning,5.521284103393555,6.73560905456543,5.244436740875244,0.819715642440857,.
354,",",2.756345510482788,4.11618709564209,2.299553632736206,0.6696356230748112,die
355,en,2.60664439201355,5.247014999389648,0.8876674175262451,0.4967861521868651,hij
356,vertelde,6.889475345611572,5.362707614898682,1.9767212867736816,1.2847009086363803,hem
357,wat,5.653165340423584,3.3954544067382812,1.4404069185256958,1.6649215872858945,hij
358,er,1.54096257686615,2.780794143676758,3.221456289291382,0.5541447864345305,in
359,Ã¢ÂĢÂs,47.24704945087433,4.0520453453063965,5.129767417907715,11.660049536612906,nachts
360,nachts,1.8284804821014404,5.764692783355713,1.4457287788391113,0.31718611048636924,in
361,gebeurd,8.62338638305664,5.284482479095459,3.6743171215057373,1.6318317672864533,was
362,was,0.027151312679052353,0.19708754122257233,6.19589900970459,0.13776270438317656,.
363,.,0.4766741991043091,1.8607908487319946,6.505064010620117,0.25616753190135844,Ċ
364,</s>,0.00032919103978201747,0.003911965060979128,10.943840980529785,0.08414979036127282,De
365,<s>,,,,,de
366,De,4.4571685791015625,8.109634399414062,4.284244537353516,0.5496139973244172,koning
367,koning,1.9654290676116943,5.85982608795166,6.680142402648926,0.33540740597281493,was
368,liet,3.9576292037963867,5.488381862640381,4.0315704345703125,0.7210921730384898,zich
369,zijn,1.947830319404602,3.482652187347412,5.6002888679504395,0.559295104599056,paard
370,raad,8.161770820617676,6.272919178009033,10.559844017028809,1.3011120642571625,slieden
371,bijeenroepen,8.575019598007202,3.482321262359619,1.0372644662857056,2.46244356909126,en
372,.,1.5942931175231934,3.198988437652588,6.134484767913818,0.49837414188751583,Ċ
373,</s>,0.00040259119123220444,0.0047209844924509525,10.94802474975586,0.08527695693048012,De
374,<s>,,,,,de
375,En,6.091677188873291,8.108537673950195,2.4086859226226807,0.7512670513258699,toen
376,allen,8.885897636413574,4.8188557624816895,6.107605934143066,1.8439849778440716,gs
377,verklaarden,7.34791374206543,4.631348609924316,3.3701014518737793,1.5865602788613027,de
378,dat,2.2174973487854004,4.35289192199707,1.847541332244873,0.5094308309332043,hij
379,een,4.663125991821289,2.9752438068389893,5.155220031738281,1.5673088642693687,van
380,zulk,12.824902534484863,6.945296287536621,5.696144104003906,1.8465594560017884,een
381,een,0.26166975498199463,2.109161138534546,3.0282950401306152,0.12406342512256029,man
382,gouden,7.452544212341309,7.24230432510376,1.8986127376556396,1.0290294190633222,vogel
383,veer,7.274048805236816,5.30141544342041,4.342298984527588,1.3720956002919262,op
384,hun,7.947273254394531,6.065613746643066,4.489373683929443,1.3102174959282307,keren
385,meer,8.906597137451172,7.370567321777344,2.894552230834961,1.208400486504671,dan
386,waard,4.965083122253418,5.758317947387695,2.842310905456543,0.862245393119681,was
387,was,0.7036800384521484,2.370114326477051,2.297269344329834,0.2968970866051436,.
388,dan,3.0130834579467773,2.9451332092285156,3.8919782638549805,1.0230720459452702,de
389,het,2.5724120140075684,4.216939926147461,3.5896430015563965,0.6100186531131566,leven
390,halve,8.18536376953125,7.164456844329834,3.0779829025268555,1.142496067375909,dag
391,koninkrijk,6.841062545776367,6.431324005126953,3.749640703201294,1.0637098271402243,van
392,.,3.3261005878448486,5.470064640045166,4.530548572540283,0.6080550791841073,Ċ
393,</s>,0.00039841720717959106,0.0044342526234686375,10.707001686096191,0.08984991181398554,De
394,<s>,,,,,de
395,Is,7.500726222991943,8.112539291381836,2.720813751220703,0.9245842705452487,het
396,die,4.702160358428955,3.759202241897583,4.898106098175049,1.2508399537598123,man
397,veer,6.024458885192871,6.666986465454102,1.9298193454742432,0.9036254860287216,een
398,zo,3.9579079151153564,5.732256889343262,3.1089863777160645,0.6904624114933567,groot
399,kostbaar,6.240332126617432,5.3317484855651855,3.4414610862731934,1.1704100715763477,als
400,",",2.3707597255706787,3.7310233116149902,2.315861225128174,0.6354180951350006,dat
401,zei,3.871685266494751,5.093353271484375,2.925520181655884,0.7601446552256155,hij
402,de,1.391308069229126,3.403005599975586,4.9299821853637695,0.4088468350563712,koning
403,koning,1.0161221027374268,4.570262432098389,6.525149345397949,0.22233342566958125,.
404,",",1.6730595827102661,3.5291404724121094,2.2434580326080322,0.4740699883693656,dat
405,dan,4.651626110076904,4.656769752502441,2.2766802310943604,0.9988954484119011,was
406,is,3.035973072052002,5.201324462890625,3.8136415481567383,0.5836923063947382,het
407,mij,8.22558307647705,2.3793697357177734,2.813643455505371,3.457042826509549,niet
408,die,5.514256000518799,5.3021135330200195,3.560391426086426,1.0400109251108294,vogel
409,ene,6.063985347747803,6.835848808288574,1.1483625173568726,0.8870859373593993,dag
410,niets,10.376351356506348,6.044813632965088,6.051657676696777,1.7165709294856397,verm
411,waard,5.042004585266113,4.4395833015441895,1.919912576675415,1.1356932042501349,.
412,",",2.0040950775146484,3.1931028366088867,3.140221118927002,0.6276324879166815,maar
413,dan,3.32958722114563,4.841732025146484,1.7440810203552246,0.6876851514814876,is
414,wil,5.3276896476745605,5.991952896118164,3.6950738430023193,0.8891407759774045,ik
415,ik,0.6617476940155029,2.1130316257476807,2.914079427719116,0.3131745336662192,het
416,de,3.4230551719665527,4.307622909545898,5.5754923820495605,0.7946506098249452,koning
417,hele,5.27027702331543,6.486687660217285,2.245626449584961,0.8124758427383401,dag
418,vogel,7.584380149841309,5.139345645904541,5.088089942932129,1.4757482123984353,niet
419,.,4.658454418182373,6.149481773376465,6.115008354187012,0.7575360965131505,
420,</s>,0.00033002576674334705,0.0037496760487556458,10.927518844604492,0.08801447443782996,De
421,<s>,,,,,de
422,De,4.486204624176025,8.118021965026855,4.013132572174072,0.5526228733431598,koning
423,oudste,6.943027019500732,5.973632335662842,3.6760005950927734,1.162278933380376,van
424,zoon,2.3386178016662598,5.334980010986328,1.009735345840454,0.43835549465046586,van
425,ging,5.588655471801758,3.3675312995910645,3.5992579460144043,1.6595704611506996,naar
426,op,2.8731136322021484,5.169328689575195,2.7997169494628906,0.5558001444164803,weg
427,weg,1.7804464101791382,3.73496150970459,3.233092784881592,0.47669739180791704,.
428,",",2.031643867492676,2.6610169410705566,3.474550724029541,0.7634840034785059,en
429,vertrouwde,9.437301635742188,5.365293502807617,2.0425031185150146,1.7589534721266822,hij
430,op,5.009194850921631,3.316796064376831,1.2922275066375732,1.5102510837858139,de
431,zijn,2.6663076877593994,4.5273966789245605,4.078129291534424,0.5889273409973775,vader
432,slimheid,13.026647329330444,2.124544382095337,3.986393928527832,6.131501624118995,.
433,en,1.7682702541351318,3.898470878601074,2.3083908557891846,0.45358047018929054,de
434,meende,6.969862461090088,6.889610290527344,1.939690113067627,1.0116482888260145,dat
435,",",4.492626667022705,3.685835361480713,1.5890214443206787,1.2188896753157958,dat
436,hij,5.056774139404297,3.7813162803649902,2.5490875244140625,1.3373052568128985,was
437,zou,4.145584583282471,5.45563268661499,3.900602102279663,0.7598723780384574,het
438,de,2.805147409439087,4.626605987548828,5.237473487854004,0.6063078241346529,koning
439,gouden,4.7224345207214355,6.3728928565979,1.296697735786438,0.7410189731704443,vogel
440,vogel,2.098912239074707,6.152728080749512,3.6933670043945312,0.34113521864256063,zijn
441,wel,4.50260066986084,5.768176078796387,1.2592015266418457,0.7805934854194625,eens
442,vinden,7.949063301086426,5.521592617034912,2.02978253364563,1.4396323402350284,.
443,.,0.8120524287223816,2.8322250843048096,6.768001079559326,0.2867188887007919,
444,</s>,0.00029001865186728537,0.0033578802831470966,11.140798568725586,0.08636956276340858,De
445,<s>,,,,,de
446,Toen,8.813777923583984,8.109119415283203,2.7848479747772217,1.0868970442058994,hij
447,hij,1.2435487508773804,3.9870052337646484,2.25268816947937,0.3119004560982692,de
448,een,3.9371731281280518,5.163695335388184,5.127902030944824,0.7624720035563587,paar
449,eind,6.520992755889893,6.757417678833008,6.360252380371094,0.9650125337547664,aan
450,gegaan,10.725592613220215,4.211491584777832,2.3608896732330322,2.5467444009593145,was
451,was,1.1232414245605469,3.4647464752197266,1.2675561904907227,0.3241915195221646,","
452,",",0.5231616497039795,2.742068290710449,2.5015788078308105,0.19079089002864777,was
453,zag,4.340410232543945,5.660633087158203,4.063624382019043,0.7667711660009664,hij
454,hij,0.42260244488716125,1.9777765274047852,2.9364013671875,0.21367552857030575,de
455,aan,4.967833042144775,4.953584671020508,1.024648666381836,1.0028763758107586,de
456,de,1.1851569414138794,3.3478076457977295,4.856869697570801,0.35400986759246,deur
457,rand,3.9104998111724854,6.8402018547058105,7.775547027587891,0.5716936275034344,van
458,van,0.048971422016620636,0.45214688777923584,6.086489677429199,0.10830865663401693,de
459,een,2.2120633125305176,1.9296809434890747,6.133899211883545,1.1463362997879145,boom
460,bos,4.5446906089782715,6.575495719909668,5.943785667419434,0.6911555877403422,rand
461,een,4.891812324523926,5.09078311920166,4.163631439208984,0.9609154839208831,vogel
462,vos,5.742512226104736,7.113927364349365,4.4581780433654785,0.8072210934964954,","
463,zitten,6.2707037925720215,5.050392150878906,1.0623056888580322,1.241627106418013,","
464,",",1.1093093156814575,3.1491997241973877,3.3644211292266846,0.35225117897664576,zei
465,legde,5.664190292358398,5.972197532653809,3.0591628551483154,0.9484264814398153,hij
466,zijn,3.775728702545166,2.1241261959075928,7.0110182762146,1.7775444367757443,hand
467,geweer,5.864864826202393,5.551112174987793,5.932359218597412,1.0565206829413945,op
468,aan,2.788609504699707,3.4887969493865967,3.9182558059692383,0.7993040423834361,de
469,en,3.3745410442352295,2.7152605056762695,5.978482246398926,1.2428056303182438,begon
470,mikte,9.782639741897583,3.960601329803467,8.217913627624512,2.469988501060019,zich
471,op,3.931811571121216,3.509694814682007,1.373744249343872,1.1202716414753158,de
472,hem,4.644718170166016,2.483258008956909,3.2078933715820312,1.87041304343443,.
473,.,1.2820276021957397,3.570216655731201,7.093405723571777,0.3590895807787253,Ċ
474,</s>,0.0002530537312850356,0.0029587410390377045,11.315145492553711,0.08552750238910342,De
475,<s>,,,,,de
476,De,4.523738384246826,8.121241569519043,4.330495834350586,0.5570254677838294,koning
477,vos,3.6286213397979736,5.792409420013428,6.4986677169799805,0.6264442094270266,was
478,riep,6.692933082580566,5.314385414123535,3.2569329738616943,1.259399264643734,:
479,:,2.3150634765625,4.672430992126465,4.384851455688477,0.49547301618014783,'
480,schiet,10.203168869018555,2.2520036697387695,6.468953609466553,4.530707034861144,hem
481,mij,5.341522693634033,5.040562152862549,1.3166778087615967,1.059707733313152,op
482,niet,3.1158218383789062,5.1396284103393555,1.3354575634002686,0.6062348461049886,.
483,",",2.4350757598876953,4.084638595581055,3.6770031452178955,0.59615451964883,maar
484,dan,4.351210117340088,5.317593574523926,1.6631706953048706,0.8182667698009702,was
485,geef,6.548518657684326,5.8660430908203125,4.815624237060547,1.1163434288322924,ik
486,ik,0.41239050030708313,1.6594680547714233,1.999770164489746,0.24850764624323315,hem
487,je,2.6572182178497314,3.6541385650634766,0.46365219354629517,0.7271804751070168,het
488,daarvoor,9.242888450622559,4.389286041259766,0.5536936521530151,2.105784030418251,een
489,een,2.024618148803711,4.884237766265869,4.383742809295654,0.41452080052023876,paar
490,goede,6.408920764923096,6.920080184936523,2.7759385108947754,0.9261338877075286,raad
491,raad,2.709686517715454,5.246458530426025,5.064116477966309,0.5164791643736524,.
492,.,1.003170371055603,3.2611196041107178,5.7664031982421875,0.3076153262796873,
493,</s>,0.0005723087233491242,0.006602689623832703,10.200271606445312,0.08667811997149621,De
494,<s>,,,,,de
495,Je,7.9518890380859375,8.118949890136719,5.418139457702637,0.9794233423889296,hebt
496,bent,2.2316482067108154,4.180052757263184,5.026871681213379,0.5338803924981913,een
497,op,4.44005823135376,5.413479804992676,2.7722573280334473,0.820185609126839,weg
498,weg,1.960739254951477,3.918734550476074,5.197684288024902,0.5003501078462366,naar
499,naar,0.4732321500778198,1.9826133251190186,5.731121063232422,0.23869109729170773,de
500,de,1.4837915897369385,3.8765182495117188,4.371872901916504,0.38276398928957317,boom
501,gouden,6.047180652618408,6.857359886169434,1.8200178146362305,0.8818526011468246,vogel
502,vogel,2.0670483112335205,6.043041706085205,3.6555278301239014,0.3420542852040968,.
503,.,1.6409801244735718,4.456638336181641,4.714087009429932,0.36821029679503475,
504,</s>,0.0004403964849188924,0.005375268403440714,10.324274063110352,0.08193013852796527,De
505,<s>,,,,,de
506,En,6.196351528167725,8.114490509033203,2.4371824264526367,0.7636155986959169,ik
507,je,4.197597026824951,4.6869635581970215,4.232778549194336,0.8955898578481118,hebt
508,zult,3.8276631832122803,5.5112714767456055,4.250084400177002,0.6945154488148182,het
509,deze,6.435873985290527,4.465574264526367,4.464470863342285,1.4412197858662499,vogel
510,avond,5.973024845123291,6.59046745300293,1.7979001998901367,0.9063127748854442,niet
511,in,3.6278328895568848,5.8586955070495605,2.170802116394043,0.6192219556711288,de
512,een,2.476048231124878,4.0179948806762695,4.0505805015563965,0.6162397675101402,boom
513,dorp,5.681134223937988,6.992818355560303,3.889657497406006,0.812424109289306,","
514,komen,4.613319396972656,6.05718994140625,1.292518138885498,0.7616269989218166,.
515,",",1.5469293594360352,3.711170196533203,2.560914993286133,0.4168306160900684,dat
516,waar,4.706958293914795,5.926916122436523,1.6067852973937988,0.794166510320006,ik
517,twee,6.920462131500244,3.8012499809265137,4.622929573059082,1.8205753807892044,dagen
518,logementen,13.113260209560394,1.4441888332366943,4.244417190551758,9.080017728825082,van
519,tegenover,8.354135513305664,5.799694061279297,3.2656993865966797,1.440444172578115,je
520,elkaar,2.5537922382354736,3.5855391025543213,3.50608229637146,0.7122477722851116,.
521,zijn,4.085546493530273,5.539557456970215,1.58741295337677,0.7375221802943095,.
522,.,1.2967302799224854,4.320860862731934,6.832182884216309,0.30010924237505,
523,</s>,0.00046621699584648013,0.006030854769051075,10.17222785949707,0.07730529314666901,De
524,<s>,,,,,de
525,Het,5.8534345626831055,8.108016967773438,3.102994441986084,0.7219317110396393,is
526,ene,5.327136039733887,5.520380020141602,2.3701043128967285,0.9649944424654378,","
527,is,3.8160862922668457,6.250669479370117,1.8898463249206543,0.6105084111168512,een
528,hel,9.927742004394531,5.779720306396484,6.143238067626953,1.7176855415317214,.
529,verlicht,6.548982620239258,4.912412643432617,1.6041181087493896,1.333149939876196,","
530,en,1.8921904563903809,2.9879097938537598,3.356332540512085,0.6332823234097248,de
531,daar,4.937726974487305,5.367624282836914,1.663817286491394,0.919909202712974,zijn
532,gaat,4.057275772094727,5.6227827072143555,2.951789379119873,0.7215779060586864,het
533,het,1.345646619796753,3.498704433441162,3.3400795459747314,0.3846128318056401,dier
534,vrolijk,8.245269775390625,6.807644844055176,1.9535590410232544,1.211178015931731,.
535,toe,8.152249336242676,4.988630771636963,0.9877125024795532,1.6341657078717027,.
536,.,1.202988624572754,4.192414283752441,5.443455696105957,0.28694411934309433,
537,</s>,0.0005256722797639668,0.006931619718670845,10.074078559875488,0.07583686080585589,de
538,<s>,,,,,de
539,Maar,6.816368579864502,8.101020812988281,2.145895004272461,0.8414209440044753,ik
540,ga,6.833499431610107,4.60883092880249,1.2167069911956787,1.4826969218820207,je
541,daar,5.761772155761719,2.995485782623291,4.807782173156738,1.9234850618172048,is
542,niet,4.557546138763428,5.370043754577637,2.6472184658050537,0.8486981386098383,.
543,binnen,6.989572048187256,4.657282829284668,1.8938846588134766,1.5007832473126426,.
544,.,1.9528539180755615,4.486771106719971,5.4831085205078125,0.4352470566529935,Ċ
545,</s>,0.0009813354117795825,0.013147645629942417,9.598365783691406,0.07463963050119723,de
546,<s>,,,,,de
547,Ga,8.315979957580566,8.097478866577148,3.175539255142212,1.026983842082663,je
548,in,4.631634712219238,4.1915388107299805,3.605370044708252,1.1049962606483925,de
549,het,2.1672489643096924,3.853868007659912,5.01043701171875,0.5623568217702548,bos
550,andere,6.451452255249023,5.462523460388184,2.8849716186523438,1.181038818786247,dorp
551,",",3.6090455055236816,5.772696018218994,3.3879172801971436,0.6251923701045934,want
552,hoe,6.20222282409668,5.710922718048096,2.450028896331787,1.0860281482177896,dan
553,veel,6.4445881843566895,5.234745025634766,3.5537428855895996,1.2311178773363882,tijd
554,minder,5.881738185882568,6.679008483886719,1.8974546194076538,0.880630440891401,dan
555,je,5.757455348968506,6.479101181030273,1.6262807846069336,0.8886194532391891,het
556,dat,4.332190036773682,6.614274501800537,1.6064436435699463,0.6549758458912422,je
557,ook,5.577852725982666,5.242884635925293,1.3897126913070679,1.063890036367023,.
558,aanstaat,11.743390083312988,4.6261796951293945,2.003507137298584,2.538463885368924,","
559,.,1.332109808921814,2.687836170196533,5.29863977432251,0.4956067723519067,
560,</s>,0.0010291864164173603,0.012936579063534737,9.245467185974121,0.07955630397825975,de
561,<s>,,,,,de
562,Hoe,6.947579383850098,8.099349021911621,3.2446446418762207,0.8577947888224625,lang
563,kan,3.8397834300994873,5.412323951721191,2.9079136848449707,0.7094518850591685,ik
564,nu,6.568987846374512,2.949948787689209,1.7598509788513184,2.226814198872996,het
565,zoÃ¢ÂĢÂn,59.152703285217285,5.231393814086914,3.5437169075012207,11.307254889879053,vogel
566,onnozel,9.669471740722656,7.1272382736206055,4.326293468475342,1.3566926444021643,heid
567,beest,5.292604923248291,3.797346591949463,2.2234249114990234,1.3937639862710556,niet
568,een,4.435147762298584,5.446197509765625,4.6368913650512695,0.8143567607208297,vogel
569,verstandige,8.422806739807129,6.764505386352539,1.5551331043243408,1.245147465888671,jongen
570,raad,5.520105361938477,4.304019927978516,5.425146579742432,1.2825464227186152,zijn
571,geven,4.292685031890869,5.879664421081543,1.7046282291412354,0.7300901419644703,.
572,",",1.7905361652374268,3.437500476837158,2.337069272994995,0.5208831758141014,dan
573,dacht,3.576134204864502,5.365630149841309,2.233017683029175,0.666489136410244,hij
574,de,1.5624476671218872,3.564133644104004,5.996984958648682,0.43838077444334295,koning
575,prins,4.108376979827881,4.154370307922363,5.4708404541015625,0.9889289291311433,.
576,.,1.9695749282836914,4.93666410446167,4.202251434326172,0.39896879483933784,
577,</s>,0.0013692808570340276,0.017046015709638596,8.432868003845215,0.08032849906736703,","
578,<s>,,,,,de
579,En,6.216266632080078,8.093442916870117,2.110077381134033,0.7680620838287228,ik
580,hij,2.9679298400878906,5.074807643890381,3.1468451023101807,0.5848359284437146,is
581,schoot,6.125353813171387,5.756411075592041,3.256174087524414,1.0640924931757763,op
582,zijn,4.2766289710998535,4.848260879516602,4.760808944702148,0.8820954724544974,paard
583,geweer,4.803657054901123,6.775530815124512,3.2276010513305664,0.7089713243098649,op
584,af,4.450062274932861,4.551791667938232,2.1148715019226074,0.9776506922050213,.
585,.,0.9710375070571899,2.7671279907226562,6.293835163116455,0.3509188986966939,Ċ
586,</s>,0.0005436825449578464,0.0069695524871349335,10.16482162475586,0.07800824313489678,De
587,<s>,,,,,de
588,Maar,6.790083885192871,8.090764999389648,1.9720754623413086,0.8392387970365104,hij
589,hij,2.5702080726623535,4.943511962890625,3.413393259048462,0.5199154147812506,was
590,miste,7.382821559906006,5.444685459136963,4.036670684814453,1.3559684237620324,het
591,de,2.2534518241882324,4.380095958709717,5.186206817626953,0.514475446526987,vos
592,vos,3.0585155487060547,6.189005374908447,5.553804397583008,0.4941853114404992,.
593,",",1.7572054862976074,3.8555185794830322,2.2231149673461914,0.4557637189581959,want
594,die,3.5457587242126465,5.319576740264893,1.4224110841751099,0.6665490314998412,was
595,met,4.205400466918945,6.6521782875061035,1.7407619953155518,0.632183968192402,een
596,gestrekte,10.010669946670532,4.444382190704346,12.260147094726562,2.2524322880260756,arm
597,staart,5.477293491363525,3.990110397338867,3.716747760772705,1.372717279957093,en
598,het,4.850069046020508,5.526998519897461,5.2785139083862305,0.8775231309652112,zwaard
599,bos,6.595066070556641,6.317476272583008,4.784633636474609,1.0439399826760467,in
600,in,2.5175187587738037,6.143549919128418,3.475580930709839,0.4097824208989194,de
601,vluchtte,12.257814407348633,3.0084125995635986,4.688056468963623,4.074512388735094,.
602,.,1.1401939392089844,3.0233540534973145,5.856637954711914,0.37712881754290284,Ċ
603,</s>,0.0011377844493836164,0.015924466773867607,9.208699226379395,0.07144882560530977,","
604,<s>,,,,,de
605,Toen,8.871561050415039,8.08227252960205,2.459811210632324,1.097656756552337,hij
606,zette,6.644116401672363,4.597103118896484,0.5231452584266663,1.4452833077338618,hij
607,de,1.7961907386779785,2.574157476425171,6.321864128112793,0.6977781099750028,vogel
608,prins,4.261829853057861,5.529385566711426,4.755947113037109,0.7707601145985128,op
609,zijn,3.0584421157836914,4.150923728942871,6.399472236633301,0.7368100007374971,geweer
610,weg,6.600094318389893,5.072021484375,5.424299716949463,1.3012749135078219,.
611,voort,7.08368444442749,3.9061684608459473,0.4833671450614929,1.8134610720023574,.
612,",",1.5068272352218628,2.937917947769165,4.301630020141602,0.5128894890907469,dacht
613,en,3.4626269340515137,5.993839740753174,0.7808836102485657,0.5776976168562703,hij
614,kwam,5.110284328460693,5.224299430847168,0.8292635679244995,0.9781760016064037,er
615,Ã¢ÂĢÂs,55.16450560092926,5.970232009887695,3.417593479156494,9.239926607469807,paard
616,avonds,7.251131534576416,6.7512054443359375,2.499812602996826,1.0740499003270447,","
617,in,3.2998507022857666,5.701174259185791,2.4534428119659424,0.5788019366306885,de
618,het,1.8315240144729614,3.2903480529785156,5.402524948120117,0.5566353422140294,bos
619,dorp,4.032846927642822,5.024501800537109,4.9653825759887695,0.802636179215165,","
620,waar,4.93808126449585,5.683332920074463,3.4376890659332275,0.8688706669028199,hij
621,de,1.8741605281829834,3.470625400543213,4.925534248352051,0.5400065728469702,koning
622,twee,5.407385349273682,5.907829284667969,1.784130334854126,0.9152914020902666,mannen
623,logementen,9.890148714184761,0.5028216242790222,6.652655124664307,19.669298686916832,van
624,waren,4.560064792633057,5.528391361236572,2.1976771354675293,0.8248447866058956,","
625,.,1.6764473915100098,4.444793701171875,7.04857063293457,0.37717102394831337,Ċ
626,</s>,0.0003650854923762381,0.00507393991574645,10.222448348999023,0.07195305786795639,<unk>
627,<s>,,,,,de
628,In,6.6412224769592285,8.075361251831055,2.1814937591552734,0.8224056199904815,de
629,het,1.6386841535568237,3.4183154106140137,5.529016494750977,0.4793835432706532,bos
630,ene,6.097814559936523,5.416852951049805,3.9732282161712646,1.1257116659876738,en
631,werd,4.748087406158447,5.8007659912109375,4.303538799285889,0.8185276588217035,hij
632,gezongen,9.364569664001465,4.075631141662598,3.9976985454559326,2.297698034611964,.
633,en,2.04250431060791,3.1322224140167236,2.501701831817627,0.6520942770435729,hij
634,gesprongen.,10.288188338279724,2.90903902053833,5.169605255126953,3.5366278230175996,Ċ
635,</s>,0.0007494515739381313,0.010009516030550003,9.693278312683105,0.07487390715502461,<unk>
636,<s>,,,,,de
637,En,6.251070499420166,8.070928573608398,1.9336822032928467,0.7745168901458138,hij
638,het,3.2692532539367676,5.217811107635498,3.8809752464294434,0.6265564594994052,dier
639,andere,4.349435329437256,5.918877601623535,1.8244909048080444,0.7348412354808985,","
640,zag,5.044722080230713,6.771880149841309,3.054229497909546,0.7449514711728811,hij
641,er,2.8063886165618896,3.4560937881469727,1.9631178379058838,0.812011707027942,een
642,armzalig,12.663974285125732,4.773479461669922,1.5733537673950195,2.6529860213739043,","
643,en,2.9243597984313965,5.412083625793457,1.4827051162719727,0.540338989681199,hij
644,saai,11.65224552154541,6.74202823638916,3.025120258331299,1.7282997212402693,.
645,uit,3.5651116371154785,4.154661655426025,2.8932862281799316,0.8580991504950616,de
646,.,5.029965400695801,3.9864840507507324,6.321137428283691,1.2617548036467274,Ċ
647,</s>,0.0006077944417484105,0.008079733699560165,9.468521118164062,0.07522456362410766,<unk>
648,<s>,,,,,de
649,Ik,6.6252546310424805,8.067779541015625,4.136169910430908,0.8211992652204338,heb
650,zou,4.59047794342041,4.604952812194824,4.805517196655273,0.9968566738108409,het
651,wel,4.783824443817139,4.670230388641357,1.2998101711273193,1.0243230088716946,een
652,gek,5.46658182144165,5.4571533203125,2.356780529022217,1.0017277324963652,zijn
653,zijn,1.8403927087783813,4.662947654724121,3.390413284301758,0.3946844024538522,een
654,",",4.82371187210083,6.69744873046875,2.0080525875091553,0.7202312501708724,dat
655,dacht,3.332186698913574,5.359807014465332,1.5583617687225342,0.6216990070576219,hij
656,hij,1.4694974422454834,4.250703811645508,4.990816116333008,0.34570685405545115,was
657,",",5.045702934265137,5.776374340057373,2.3624815940856934,0.8735069157957344,dat
658,als,3.104728937149048,5.021240234375,1.6511539220809937,0.6183191387447124,hij
659,ik,2.3819098472595215,4.575739860534668,4.029322624206543,0.5205518495059723,heb
660,in,5.982685089111328,4.989925384521484,3.969236135482788,1.1989528155409575,de
661,dat,4.485453128814697,3.8687524795532227,3.285111427307129,1.1594055583862768,hij
662,schunnige,14.888061285018921,3.896989583969116,5.671435832977295,3.8204005846624067,vos
663,logement,11.947765529155731,2.098700523376465,2.1584315299987793,5.692934935725721,","
664,ging,6.456599712371826,5.533759117126465,1.0548102855682373,1.166765588402512,","
665,en,3.8683056831359863,5.063294410705566,2.35882306098938,0.7639898787945338,hij
666,het,3.329805612564087,6.04719352722168,3.0212490558624268,0.5506365221445015,dier
667,mooie,7.281747817993164,6.439120292663574,1.5147602558135986,1.1308606590700967,","
668,voorbij,9.186905860900879,6.534508228302002,2.7037508487701416,1.405906235011063,.
669,liep,6.4422287940979,3.7388291358947754,0.9714134931564331,1.723060498338646,","
670,.,1.6644654273986816,3.983980178833008,5.133042335510254,0.41778958546079886,Ċ
671,</s>,0.0004936482873745263,0.006320994347333908,10.34288215637207,0.07809661902050886,<unk>
672,<s>,,,,,de
673,Hij,6.879092216491699,8.067503929138184,3.2795276641845703,0.8526915235387512,was
674,ging,3.2547245025634766,5.298496723175049,4.0674028396606445,0.6142731934376151,weg
675,dus,5.194284439086914,5.14515495300293,1.8063702583312988,1.0095486893072696,","
676,het,3.6970038414001465,6.2761640548706055,3.463242530822754,0.5890546851673027,paard
677,vrolijke,9.463604927062988,6.2969512939453125,1.6549204587936401,1.5028867916069952,en
678,binnen,8.760818481445312,5.946732997894287,0.9875368475914001,1.473215374651507,","
679,en,1.9119198322296143,3.970829486846924,1.9692476987838745,0.4814912950965802,hij
680,leefde,8.434027671813965,6.218194484710693,1.6978299617767334,1.3563467164868461,in
681,er,2.724900484085083,4.730749130249023,0.8151702880859375,0.575997671629154,niet
682,lekker,6.54863977432251,5.617122650146484,1.0694184303283691,1.1658352829720984,","
683,op,2.9372498989105225,4.787219047546387,2.083728313446045,0.6135607896229364,weg
684,los,6.628188610076904,3.815363645553589,2.035397529602051,1.7372364015161101,.
685,.,1.449858546257019,3.184265613555908,5.854642391204834,0.4553196002509176,Ċ
686,</s>,0.0007279780111275613,0.009383218362927437,10.96806526184082,0.07758297664730485,was
687,<s>,,,,,de
688,En,6.258193492889404,8.068443298339844,1.936863660812378,0.7756382813246125,hij
689,hij,2.349107265472412,5.340575218200684,1.7939448356628418,0.4398603464036333,was
690,vergat,7.236940860748291,5.630377769470215,3.0029959678649902,1.2853384190292518,het
691,de,2.3718550205230713,4.864200115203857,4.23486328125,0.4876146055565124,vos
692,vogel,3.344987630844116,6.485954761505127,4.629228591918945,0.5157278695030368,","
693,en,2.5959441661834717,4.884700775146484,1.457360029220581,0.5314438459345799,hij
694,zijn,4.735241413116455,6.258200168609619,3.236964702606201,0.756645886283385,paard
695,vader,4.648421287536621,6.740074157714844,3.561469078063965,0.689669160719238,","
696,.,4.013274669647217,5.523492813110352,5.067187309265137,0.7265827630157247,Ċ
697,</s>,0.0010353917023167014,0.013469766825437546,10.082735061645508,0.07686782672149696,de
698,<s>,,,,,de
699,Toen,8.823307991027832,8.069210052490234,2.247812032699585,1.0934537499497705,hij
700,de,2.411614179611206,5.276162147521973,4.736982345581055,0.45707734375522485,vos
701,tijd,6.243348598480225,6.270815372467041,4.939273834228516,0.9956199038952074,was
702,verliep,8.691418647766113,5.405359745025635,1.7879821062088013,1.607926032261687,het
703,en,3.956202745437622,5.062801361083984,2.0105695724487305,0.7814256304518669,hij
704,de,2.9304916858673096,6.152251243591309,3.983903408050537,0.47632835036117077,vos
705,oudste,8.096414566040039,6.298518657684326,3.7366037368774414,1.2854474212221698,zoon
706,zoon,0.8733866810798645,3.9580349922180176,1.5041308403015137,0.22066168762960658,van
707,maar,6.721529006958008,5.31775426864624,1.3383454084396362,1.2639788653997228,de
708,niet,3.062661647796631,5.732253074645996,1.7174906730651855,0.534285839776146,.
709,naar,4.280910015106201,4.299010276794434,3.8622443675994873,0.995789667732144,de
710,huis,2.313190460205078,3.743673324584961,4.947874546051025,0.6178932453892804,.
711,kwam,4.373054504394531,4.589521884918213,1.7368022203445435,0.9528344376709429,terug
712,",",2.8026123046875,4.858494758605957,1.9040415287017822,0.5768478600750103,maar
713,ging,5.494091033935547,5.4514570236206055,1.4894362688064575,1.0078206633804894,weg
714,de,3.081839084625244,5.014923095703125,4.647830963134766,0.614533667977046,vos
715,tweede,5.832629680633545,6.099727153778076,1.6685189008712769,0.956211570384899,vos
716,op,5.298437595367432,6.226284027099609,3.0841333866119385,0.8509791028334446,weg
717,weg,0.625990629196167,2.5027754306793213,3.6843574047088623,0.2501185769696709,.
718,en,1.908679485321045,2.581477165222168,4.06116247177124,0.7393749249595937,hij
719,zou,6.824592590332031,6.0111494064331055,1.0753265619277954,1.1353224032376208,het
720,de,2.5796926021575928,5.022809028625488,4.636362075805664,0.5135955970962998,vos
721,gouden,5.261914253234863,6.006828308105469,1.5349750518798828,0.8759887886481729,vogel
722,vogel,0.5820258855819702,3.248587131500244,4.0941162109375,0.17916277508406625,weg
723,zoeken,6.931856155395508,5.1768598556518555,1.7732664346694946,1.339007882901761,naar
724,.,1.7522411346435547,3.3144588470458984,6.137753963470459,0.5286658291760923,Ċ
725,</s>,0.0007993196486495435,0.010151991620659828,10.66833209991455,0.0787352549644433,de
726,<s>,,,,,de
727,Evenals,12.03676700592041,8.058492660522461,1.5067477226257324,1.4936747494834877,de
728,de,1.6168465614318848,5.094954490661621,2.956418037414551,0.31734268959523604,vos
729,oudste,5.5755438804626465,6.272113800048828,2.7410740852355957,0.8889417600202408,zoon
730,zag,6.3921003341674805,4.187607765197754,3.1688599586486816,1.5264324388952466,hij
731,hij,2.1039986610412598,4.257527828216553,4.794366359710693,0.4941831846869241,was
732,ook,6.311695098876953,5.892489433288574,1.6231839656829834,1.071142370357111,niet
733,de,3.489190101623535,5.163029193878174,4.097847938537598,0.6758028999256257,vos
734,vos,2.4075069427490234,6.254539489746094,4.254733085632324,0.38492153526186423,","
735,",",2.0807111263275146,5.346473693847656,1.3257423639297485,0.38917448125141807,die
736,die,2.4736998081207275,5.620655059814453,1.481323480606079,0.44010880970204713,vos
737,hem,4.4651947021484375,6.555614471435547,1.2494473457336426,0.6811252738556254,weg
738,de,4.491032600402832,5.611734390258789,4.169478893280029,0.8002931514717904,vos
739,goede,6.4245452880859375,6.377480506896973,2.7553389072418213,1.0073798392857596,raad
740,raad,1.2116514444351196,4.961762428283691,2.9060163497924805,0.24419779502708647,","
741,gaf,4.286896705627441,5.488915920257568,2.028757333755493,0.7810097235787642,hem
742,",",4.737253189086914,4.364328384399414,2.08237624168396,1.0854483833115183,maar
743,die,3.4287540912628174,5.463465690612793,1.6426794528961182,0.6275785893840292,vos
744,hij,3.9023869037628174,6.585402011871338,0.6496294736862183,0.5925814242969651,de
745,niet,3.530015468597412,6.202811241149902,1.267931580543518,0.5690992892350217,terug
746,opvolgde,10.704786986112595,0.730894923210144,7.685969352722168,14.646136737544142,.
747,.,1.2246768474578857,2.9826598167419434,5.294318199157715,0.4105989025579324,Ċ
748,</s>,0.0013480924535542727,0.01732051931321621,9.668959617614746,0.07783210359781922,de
749,<s>,,,,,de
750,Hij,6.8887834548950195,8.060773849487305,3.1202993392944336,0.8546057219224891,was
751,kwam,3.5970871448516846,5.340538024902344,3.5394415855407715,0.6735439628140201,terug
752,ook,4.228537559509277,4.993804931640625,0.7877898216247559,0.8467566549741196,niet
753,bij,4.827242374420166,5.2942352294921875,2.158874273300171,0.9117921975830275,de
754,de,1.3517932891845703,4.166106224060059,3.7202420234680176,0.3244740331818008,vos
755,twee,5.539340972900391,6.475919723510742,2.0231451988220215,0.8553751759444894,jaar
756,logementen,5.964794874191284,2.713909149169922,2.1749188899993896,2.197860925453485,","
757,.,3.5903046131134033,6.084593772888184,5.066930770874023,0.5900648008928931,Ċ
758,</s>,0.0011139754205942154,0.014669518917798996,9.75001049041748,0.07593810177664337,de
759,<s>,,,,,de
760,In,6.637546539306641,8.06989574432373,2.118319272994995,0.8225070991747834,de
761,het,1.4488120079040527,3.5687828063964844,3.9055464267730713,0.40596810915679266,paard
762,vrolijke,8.065802574157715,6.545648574829102,1.8121286630630493,1.2322388655532583,en
763,waar,8.177592277526855,5.8525848388671875,2.35334849357605,1.3972616378355125,de
764,luid,9.950395584106445,4.808269023895264,2.5337331295013428,2.0694340384568277,en
765,gejuicht,16.530171632766724,6.665541648864746,0.7185359001159668,2.4799442421280333,de
766,werd,5.8312907218933105,5.515486240386963,1.4415595531463623,1.057257777055789,weg
767,",",4.630699634552002,6.066564559936523,1.915388822555542,0.7633149847498623,maar
768,stond,6.9623212814331055,5.6839399337768555,1.0576255321502686,1.2249111289968881,er
769,zijn,5.360620975494385,5.168290138244629,2.9925551414489746,1.0372136300604593,paard
770,broeder,7.075582981109619,6.669647216796875,3.1512491703033447,1.0608631537947664,","
771,aan,5.176126480102539,5.713284015655518,2.593761920928955,0.9059809499963486,de
772,het,1.5859005451202393,3.3280820846557617,3.3118200302124023,0.47652086240062674,paard
773,raam,7.869378089904785,6.537144660949707,3.138314962387085,1.203794393125994,open
774,en,3.8907883167266846,5.412452697753906,2.1027297973632812,0.7188586273172066,de
775,riep,5.384329795837402,6.391265869140625,1.0211948156356812,0.8424512304886143,hij
776,hem,3.1218016147613525,5.168009281158447,0.5895241498947144,0.604062695116054,","
777,toe,4.851734161376953,5.115406036376953,1.1778956651687622,0.9484553380269402,","
778,.,1.8366812467575073,3.7601327896118164,4.718178749084473,0.48846180428301317,Ċ
779,</s>,0.0021169523242861032,0.026653653010725975,8.95518684387207,0.0794244722640532,de
780,<s>,,,,,de
781,Hij,6.892027378082275,8.073455810546875,3.1186962127685547,0.8536650896235508,was
782,kon,5.055044174194336,5.365760803222656,3.8080437183380127,0.9420927170585567,het
783,niet,2.287884473800659,4.647153854370117,2.096184015274048,0.4923195025379169,","
784,weerstaan,14.702095985412598,5.106170177459717,1.0875768661499023,2.8792804537366172,","
785,en,1.7593629360198975,3.1286139488220215,2.2409021854400635,0.5623458070569329,hij
786,ging,4.526995658874512,6.113080024719238,1.360992431640625,0.7405425154862794,weg
787,naar,3.2673816680908203,5.059257507324219,3.3211498260498047,0.645822368867502,huis
788,binnen,4.281002998352051,3.3485867977142334,3.5529632568359375,1.2784506590285463,","
789,.,1.8643748760223389,4.3967485427856445,4.186701774597168,0.42403491077093264,Ċ
790,</s>,0.002639376325532794,0.0338166318833828,8.437482833862305,0.0780496512673032,de
791,<s>,,,,,de
792,Toen,8.838029861450195,8.076162338256836,2.2149782180786133,1.0943353403861618,hij
793,leefde,9.784138679504395,5.2043962478637695,2.0635228157043457,1.8799757384961715,en
794,hij,3.698831558227539,4.789595603942871,4.572634220123291,0.7722638535876812,was
795,ook,6.327133655548096,5.8925323486328125,1.5725767612457275,1.0737545899117753,niet
796,het,3.7693066596984863,5.448038578033447,3.080575466156006,0.6918648988456824,paard
797,vrolijke,7.490692615509033,6.539791584014893,1.8644397258758545,1.145402344903225,en
798,leven,7.633950233459473,5.651623725891113,1.03593909740448,1.3507534478077445,","
799,mee,7.306185245513916,4.993006706237793,1.3634270429611206,1.463283683634203,.
800,.,1.8461759090423584,4.002123832702637,5.421324253082275,0.46129904676028843,Ċ
801,</s>,0.0019571848679333925,0.025107914581894875,8.966386795043945,0.0779509131094744,de
802,<s>,,,,,de
803,Weer,7.6022796630859375,8.08333969116211,1.8502919673919678,0.9404874660157934,een
804,verging,6.607362747192383,6.360734939575195,1.4226168394088745,1.0387734766438261,het
805,de,2.8555288314819336,4.306899070739746,4.678003311157227,0.6630127116007556,vos
806,tijd,5.9195380210876465,6.485968112945557,4.572694778442383,0.9126683816518688,en
807,.,2.580179214477539,5.132080554962158,4.371127128601074,0.5027550107300613,Ċ
808,</s>,0.0016022040508687496,0.020630020648241043,9.21969985961914,0.07766371532959938,de
809,<s>,,,,,de
810,En,6.23384428024292,8.088650703430176,1.9033870697021484,0.7706902558666944,hij
811,nu,3.2549939155578613,5.425856590270996,0.7717478275299072,0.5999041554829022,hij
812,wilde,5.096447944641113,5.9145073890686035,0.7510589957237244,0.8616859544483019,hij
813,de,2.8286397457122803,5.1598591804504395,3.597949504852295,0.5482009579698159,vos
814,jongste,6.411993503570557,6.496224880218506,2.7792820930480957,0.9870337960583169,zoon
815,prins,6.518703460693359,5.456062316894531,0.9149625301361084,1.194763381002521,","
816,uittrekken,16.06863021850586,5.608983039855957,0.8315683007240295,2.8648027823094493,","
817,en,1.6243577003479004,3.531902313232422,2.051851749420166,0.45991014368154387,hij
818,zijn,4.197640419006348,5.894608497619629,2.674381971359253,0.7121152186275723,vader
819,geluk,7.598754405975342,6.613713264465332,3.2382352352142334,1.1489391968052978,.
820,beproeven,13.041394710540771,2.19722843170166,6.149136543273926,5.935384105894154,","
821,.,2.617486000061035,5.246342658996582,3.4524080753326416,0.4989163251798838,Ċ
822,</s>,0.0014727226225659251,0.019211629405617714,9.162487030029297,0.07665787172301393,de
823,<s>,,,,,de
824,Maar,6.838931083679199,8.095516204833984,1.7750715017318726,0.84478011168646,hij
825,de,2.562101125717163,5.363496780395508,3.6991405487060547,0.47769230235805826,vos
826,vader,5.336496829986572,6.529599189758301,4.3253326416015625,0.8172778565577021,","
827,weigerde,7.425604343414307,5.372004508972168,1.1285319328308105,1.3822781293299875,","
828,.,2.678770065307617,4.796429634094238,3.126033306121826,0.5584925183236799,Ċ
829,</s>,0.0018104600021615624,0.023704923689365387,8.720748901367188,0.0763748504693048,de
830,<s>,,,,,de
831,Hij,6.881324768066406,8.098226547241211,3.0182790756225586,0.8497323121209345,was
832,hield,4.594583511352539,5.405200004577637,3.4037256240844727,0.8500302500298619,de
833,hem,2.5268311500549316,4.509865760803223,1.0807452201843262,0.5602896591771047,weg
834,voor,4.806816577911377,5.32111930847168,2.1587774753570557,0.9033468898655422,de
835,minder,8.948053359985352,4.412236213684082,2.281299591064453,2.028008684628877,dan
836,verstandig,7.873470306396484,5.6916913986206055,1.018061876296997,1.383326985771688,","
837,dan,7.008264064788818,4.133984088897705,1.149193286895752,1.695280851131074,de
838,zijn,4.410272598266602,6.138391971588135,2.9100005626678467,0.7184736032954195,vader
839,broeders,7.537372589111328,6.639892578125,2.3275842666625977,1.1351648389528257,","
840,en,2.1314568519592285,5.0833258628845215,1.3387659788131714,0.4193036034777708,hij
841,vreesde,8.590301513671875,6.389894485473633,1.4207170009613037,1.3443573337870451,","
842,een,4.297150611877441,4.484493732452393,3.797663927078247,0.958224242968782,paard
843,ongeluk,7.270269870758057,6.9772114753723145,4.101444244384766,1.0420022234412931,.
844,",",1.921783208847046,4.378258228302002,1.685228705406189,0.4389378398067584,maar
845,zodat,7.600645065307617,5.481560230255127,0.9416627287864685,1.386584247192311,hij
846,hij,1.0817748308181763,3.8946657180786133,2.403717517852783,0.27775806940161657,was
847,ook,6.048719882965088,5.890266418457031,1.3453142642974854,1.0269008994247775,niet
848,niet,2.784550189971924,5.70737361907959,0.8252596855163574,0.48788643881018245,.
849,zou,6.159225940704346,5.365673065185547,1.8827965259552002,1.1478943770666277,het
850,terugkeren,6.2080607414245605,5.020400524139404,3.6923069953918457,1.236566826008119,.
851,.,1.1583296060562134,2.8469061851501465,4.272801399230957,0.4068731214601379,Ċ
852,</s>,0.0017598847625777125,0.02268260158598423,8.707839012145996,0.07758742999150327,de
853,<s>,,,,,de
854,Maar,6.842566967010498,8.094245910644531,1.7813735008239746,0.8453618833117014,hij
855,hij,2.307852268218994,5.429826736450195,1.482459545135498,0.42503239610326427,was
856,liet,4.876424312591553,5.775389194488525,2.667922019958496,0.8443455754021117,hij
857,hem,2.473782539367676,4.471306324005127,1.2593519687652588,0.5532572273312311,weg
858,geen,5.559710502624512,5.519918441772461,3.24229097366333,1.0072088131866082,raad
859,rust,6.304377555847168,6.5128493309021,3.483736515045166,0.9679906958593719,en
860,en,1.636786937713623,4.099961280822754,1.5881075859069824,0.3992200963871452,hij
861,eindelijk,7.83380651473999,5.987595558166504,1.0891523361206055,1.3083392888912533,","
862,mocht,6.364262104034424,5.487689971923828,1.417635202407837,1.159734266439125,hij
863,hij,2.1505839824676514,4.863617420196533,3.9043538570404053,0.4421778681721945,was
864,gaan,7.095659255981445,5.991788387298584,2.007580518722534,1.1842306165255854,weg
865,.,3.0024468898773193,4.927153587341309,2.4742374420166016,0.6093674241434474,hij
866,</s>,0.002402746118605137,0.03151024878025055,8.075155258178711,0.07625284507785571,de
867,<s>,,,,,de
868,Voor,7.540308475494385,8.09585189819336,2.458176612854004,0.9313792507959604,de
869,het,2.0405097007751465,4.526539325714111,3.8302018642425537,0.4507880201511855,dier
870,bos,3.9617106914520264,6.680851936340332,2.119295120239258,0.592994834970432,","
871,zat,7.9202165603637695,5.71865177154541,0.6622815132141113,1.3849796904530538,en
872,weer,3.887934446334839,4.857386589050293,1.2263489961624146,0.8004169268921625,weg
873,de,4.288496971130371,4.744460105895996,4.448768615722656,0.9038956752531243,vos
874,vos,2.5026450157165527,6.601547718048096,3.9038429260253906,0.3790997388195081,","
875,",",2.1688570976257324,5.1368794441223145,1.230867862701416,0.42221296435277794,hij
876,smeekte,7.8957319259643555,5.835185527801514,1.3777759075164795,1.3531244016741968,hij
877,om,4.1622514724731445,4.165465354919434,1.0310711860656738,0.99922844576237,de
878,zijn,3.357015609741211,5.21158504486084,2.0167813301086426,0.6441448390162172,vader
879,leven,4.6663384437561035,6.605469703674316,2.4430291652679443,0.7064355228456253,.
880,en,2.7902936935424805,4.807714462280273,1.5557379722595215,0.5803784137835546,hij
881,gaf,6.660492420196533,6.042223930358887,0.8077259063720703,1.1023246567759901,hem
882,hem,2.1662755012512207,4.815049171447754,0.6067614555358887,0.4498968596409745,weg
883,de,3.5359277725219727,4.825459003448486,4.115384101867676,0.7327650633846526,vos
884,goede,5.6399641036987305,6.08802604675293,5.004090309143066,0.9264027552422883,raad
885,raad,0.1761511266231537,1.3934497833251953,4.39700984954834,0.12641368833744657,.
886,.,1.865116000175476,4.726458549499512,2.6980624198913574,0.394611733212592,Ċ
887,</s>,0.002740917494520545,0.03485964611172676,8.000078201293945,0.07862723235157865,de
888,<s>,,,,,de
889,De,4.695150375366211,8.098196029663086,3.777503252029419,0.5797773180802522,vos
890,jongeling,6.951735019683838,6.352294445037842,4.299546241760254,1.094365993237964,","
891,was,3.896523952484131,4.665190696716309,1.4202494621276855,0.8352335854623864,er
892,goedhartig,13.48491621017456,4.863175392150879,0.2556256651878357,2.772862404251159,","
893,en,1.8955790996551514,4.420934200286865,1.4056830406188965,0.42877342520324124,hij
894,zei,5.509785175323486,6.051837921142578,0.9296290278434753,0.9104317146489684,hij
895,:,3.778817653656006,4.224635601043701,0.8462734818458557,0.89447185757807,hij
896,wees,8.426445007324219,5.573974609375,1.6106840372085571,1.5117480070956155,","
897,maar,3.5744121074676514,4.352463722229004,1.0619820356369019,0.8212388053258964,hij
898,niet,3.7747817039489746,5.836188316345215,1.3950492143630981,0.6467888798887917,.
899,bang,4.160455226898193,5.146164417266846,0.8381898403167725,0.8084575014623867,.
900,",",1.6142220497131348,3.638169765472412,1.732347846031189,0.44369068893725194,hij
901,vosje,12.567718505859375,4.773487567901611,0.7983095645904541,2.6328168508007757,","
902,",",3.2285454273223877,6.50238561630249,1.0446162223815918,0.4965170658639382,hij
903,ik,4.6860785484313965,5.707705497741699,2.030883312225342,0.8210091691460749,ben
904,zal,4.279754638671875,5.307837963104248,2.9923043251037598,0.8063084571196845,hij
905,je,3.190502166748047,4.8830485343933105,2.8653409481048584,0.6533832593053364,bent
906,niets,7.130138874053955,6.274061679840088,2.080094337463379,1.1364470478453579,.
907,doen,3.8166706562042236,4.877034664154053,1.303162932395935,0.7825801781267931,","
908,.,2.244745969772339,4.889193534851074,2.24841570854187,0.45912397489920886,Ċ
909,</s>,0.005490806419402361,0.06703542917966843,6.9745330810546875,0.08190902164116673,","
910,<s>,,,,,de
911,Dat,7.965106010437012,8.09630012512207,2.3564891815185547,0.9837957940469653,was
912,zal,4.9470534324646,5.502556800842285,1.5213453769683838,0.899046318196542,hij
913,je,3.1871867179870605,5.208353042602539,1.5128307342529297,0.6119375341719288,","
914,niet,3.615802764892578,6.485600471496582,0.9803106784820557,0.5575124124255861,.
915,berouwen,15.773557186126709,3.8079710006713867,5.559743404388428,4.142247192361932,","
916,",",2.021353244781494,4.969390392303467,1.0520315170288086,0.40676080670018244,hij
917,zei,4.187150955200195,6.104963779449463,1.2243143320083618,0.6858600814791053,hij
918,de,3.3113784790039062,3.632158041000366,3.71781063079834,0.911683478974359,vos
919,vos,2.180448055267334,6.494919300079346,3.7771382331848145,0.33571595804749976,","
920,",",1.5678393840789795,4.868558883666992,1.192781686782837,0.3220335671277914,hij
921,en,3.723987579345703,6.092717170715332,0.250920832157135,0.6112195060103993,hij
922,om,6.317248344421387,6.114847183227539,0.9759226441383362,1.0330999541164356,hem
923,vlugger,13.058941841125488,5.025758743286133,5.776179313659668,2.5984020539328143,eed
924,vooruit,10.936994552612305,5.749744415283203,2.7470898628234863,1.9021705597106273,.
925,te,5.71613073348999,4.658078193664551,3.198241710662842,1.2271435763496834,gaan
926,komen,4.804662704467773,5.974514484405518,2.3327646255493164,0.8041929962691943,","
927,moet,7.126010417938232,4.8683085441589355,1.2355384826660156,1.4637548859733056,je
928,je,2.4293251037597656,5.3543548583984375,1.3373348712921143,0.45371014211904714,","
929,op,4.957263946533203,6.541285514831543,2.004087209701538,0.7578424661778224,weg
930,mijn,5.009954929351807,3.443068027496338,3.895702838897705,1.455084502932359,vader
931,staart,8.873067855834961,6.273629665374756,3.1718997955322266,1.414343582441111,","
932,gaan,8.908817291259766,4.688412666320801,0.7796222567558289,1.9001777201175634,","
933,zitten,4.396250247955322,5.204160690307617,0.7559605836868286,0.8447568223907899,.
934,.,1.543159008026123,3.8747029304504395,2.902031421661377,0.3982651149585624,Ċ
935,</s>,0.004859792999923229,0.059697624295949936,7.060468673706055,0.08140680734346965,","
936,<s>,,,,,de
937,Nauwelijks,11.519950866699219,8.098512649536133,1.6966131925582886,1.4224773566735194,","
938,was,2.9897472858428955,5.6458516120910645,1.230576992034912,0.5295476203164995,bang
939,hij,3.3020215034484863,5.617081642150879,3.536633253097534,0.5878535712690984,was
940,gezeten,11.422934532165527,5.986202239990234,3.0343170166015625,1.9082105939982679,.
941,",",1.4804757833480835,3.0078494548797607,2.359217882156372,0.4922040832017857,hij
942,of,6.1734185218811035,6.276824951171875,0.3908059895038605,0.983525678970629,hij
943,de,3.195560932159424,5.649102210998535,2.675642490386963,0.5656758919917961,vos
944,vos,2.754655361175537,6.827462196350098,3.6298108100891113,0.4034669518416597,","
945,liep,6.988455772399902,4.851009368896484,1.0386759042739868,1.4406188982458403,weg
946,over,6.157597541809082,4.649870872497559,1.4042186737060547,1.3242512987251378,de
947,stok,11.315969467163086,4.753686428070068,2.965676784515381,2.3804619085397296,paard
948,en,2.7074406147003174,5.036568641662598,1.8903112411499023,0.5375565801494918,hij
949,steen,12.263469696044922,6.372189521789551,2.1207656860351562,1.924529967934927,","
950,",",2.045997381210327,5.060772895812988,1.5493193864822388,0.40428555545400496,hij
951,dat,3.9771523475646973,6.283923149108887,0.5679760575294495,0.6329091322717229,hij
952,de,3.5188260078430176,5.919303894042969,2.188685894012451,0.5944661856919141,vos
953,haren,7.6331963539123535,6.749438762664795,2.6051177978515625,1.1309379375565496,","
954,floten,13.206765174865723,5.26082706451416,3.8963611125946045,2.510397132030679,","
955,in,4.250126361846924,4.999190807342529,1.7807114124298096,0.8501628614784172,de
956,de,1.3618254661560059,4.46840238571167,2.726456642150879,0.3047678674845018,vos
957,wind,4.799962997436523,6.832143783569336,3.9370250701904297,0.7025559106323236,","
958,.,2.743093252182007,5.3566999435424805,2.8505501747131348,0.5120864116140788,Ċ
959,</s>,0.01021633017808199,0.12291114032268524,6.027431964874268,0.08311964359992517,","
960,<s>,,,,,de
961,Toen,8.849774360656738,8.111542701721191,2.2128546237945557,1.0910100194355017,hij
962,zij,5.1420817375183105,5.424084663391113,0.7707377076148987,0.9480091216539943,","
963,bij,5.515739917755127,6.270963668823242,1.755254864692688,0.8795681507735741,de
964,het,2.622673273086548,5.108478546142578,2.1274538040161133,0.5133961607936933,paard
965,dorp,5.936645984649658,6.701179504394531,1.9440598487854004,0.8859106043580084,","
966,waren,6.985773086547852,5.347466945648193,1.5603418350219727,1.3063705035583106,de
967,",",3.046044111251831,5.85601806640625,1.001259446144104,0.5201562011438845,hij
968,steeg,8.824831008911133,6.405181407928467,1.2980022430419922,1.3777644139770302,","
969,de,3.194206953048706,4.648022651672363,4.228870868682861,0.6872184566268039,vos
970,jongeling,7.181268692016602,6.900318145751953,3.6686463356018066,1.0407155931553114,","
971,af,6.493979454040527,4.698643684387207,1.149552822113037,1.3820965985607538,en
972,en,1.2022240161895752,3.707526206970215,2.6676747798919678,0.3242658174416604,hij
973,volgde,6.6624836921691895,6.368991851806641,1.2075861692428589,1.0460813653387382,hem
974,de,2.574836015701294,4.208571434020996,3.300825834274292,0.6118076064687865,vos
975,goede,5.533415794372559,6.815577507019043,1.8002524375915527,0.8118777592469536,","
976,raad,3.0401368141174316,5.823190689086914,1.52339768409729,0.5220740615303687,","
977,.,2.120776653289795,4.535606384277344,2.1827735900878906,0.4675839289408923,Ċ
978,</s>,0.03521246835589409,0.3862590193748474,4.653063774108887,0.09116283786171459,","
979,<s>,,,,,de
980,Zonder,8.963001251220703,8.113359451293945,2.0608158111572266,1.1047213309144406,hem
981,om,6.582212448120117,6.444336891174316,0.701744556427002,1.0213948400392638,de
982,te,5.0824103355407715,5.47736930847168,2.9834165573120117,0.9278925793226983,gaan
983,zien,4.456838130950928,5.835493087768555,2.608792304992676,0.7637466215653057,","
984,ging,6.238516330718994,4.677989959716797,1.316172480583191,1.333589080874528,weg
985,hij,2.8044092655181885,5.049201965332031,3.752729892730713,0.5554163380219973,was
986,in,5.274158477783203,6.08983039855957,2.413461923599243,0.866059993892556,de
987,het,1.8877768516540527,4.5636444091796875,2.2699472904205322,0.41365555297358925,paard
988,mindere,11.57346248626709,6.602384567260742,1.4821549654006958,1.7529215949728894,","
989,logement,18.377524852752686,4.694256782531738,0.48691117763519287,3.914895521084212,","
990,",",1.9088033437728882,5.378335952758789,1.3825407028198242,0.354905933831407,hij
991,waar,6.567039489746094,6.37332820892334,0.7282023429870605,1.0303940538558076,hij
992,hij,1.6941888332366943,5.263638496398926,1.2896432876586914,0.32186648729690676,was
993,rustig,8.669413566589355,6.116436004638672,1.729705572128296,1.4173962680251244,","
994,overnachtte,14.76893699169159,3.199368953704834,1.983609676361084,4.616203134242871,","
995,.,2.833756685256958,5.417888164520264,1.7089115381240845,0.5230371316658357,Ċ
996,</s>,0.04216563701629639,0.45516282320022583,4.470879077911377,0.0926385786954919,","
997,<s>,,,,,de
998,Toen,8.827502250671387,8.114840507507324,2.1892924308776855,1.0878220271248404,hij
999,hij,1.8217427730560303,5.391634464263916,0.555594801902771,0.3378832124341242,was
1000,de,4.333865165710449,6.141945838928223,2.9077212810516357,0.7056176135976338,vos
1001,volgende,5.482363700866699,6.988478660583496,2.584308624267578,0.7844860043414592,dag
1002,dag,2.1352009773254395,5.105856895446777,1.139676809310913,0.4181866082516994,","
1003,buiten,8.370811462402344,5.227518081665039,0.7038400173187256,1.6012974669111275,","
1004,kwam,4.17365026473999,5.156707286834717,1.0625488758087158,0.8093634237094451,","
1005,zat,11.009033203125,4.707298278808594,0.2278173565864563,2.3387158729001047,","
1006,de,4.267176151275635,4.233529090881348,3.776151180267334,1.007947756982882,vos
1007,vos,2.8616445064544678,6.958070278167725,3.539215564727783,0.41126984811197215,","
1008,al,7.759570121765137,4.75754451751709,0.8011568188667297,1.6310031557654812,","
1009,te,5.617102146148682,6.137560844421387,2.319159984588623,0.9152010527527779,paard
1010,wachten,5.119051456451416,5.737868785858154,3.2589328289031982,0.8921520598498336,","
1011,en,2.611625909805298,3.2151665687561035,2.2821266651153564,0.8122832375728808,hij
1012,zei,5.570856094360352,6.4467692375183105,1.1076022386550903,0.864131457031159,hij
1013,:,3.631145715713501,4.190502166748047,0.5996495485305786,0.8665180379876469,hij
1014,ik,3.2540745735168457,5.969736099243164,2.3147239685058594,0.5450952134935065,was
1015,zal,4.477943420410156,5.675726890563965,2.1731722354888916,0.7889638643210347,hij
1016,je,3.248447895050049,5.468276500701904,1.7114012241363525,0.5940533355679948,","
1017,verder,8.234807968139648,6.575958728790283,0.6269437074661255,1.2522596791988274,","
1018,vertellen,10.03388786315918,5.388430118560791,0.8720932006835938,1.8621170994863259,","
1019,wat,3.712981939315796,4.008495807647705,1.3209288120269775,0.9262781146563491,hij
1020,je,3.8531975746154785,5.71911096572876,0.8551069498062134,0.673740656144881,","
1021,te,5.9382524490356445,6.576468467712402,2.1780874729156494,0.9029545991423633,paard
1022,doen,4.27873420715332,5.874129295349121,2.6543023586273193,0.7284031372174656,","
1023,hebt,8.25846004486084,4.112124919891357,1.7351348400115967,2.008319349665824,het
1024,.,3.5642545223236084,5.678793907165527,1.7763147354125977,0.6276428728688703,hij
1025,</s>,0.1276981234550476,1.1929354667663574,3.354933738708496,0.10704529038875323,","
1026,<s>,,,,,de
1027,Ga,8.38306713104248,8.110758781433105,2.0750255584716797,1.0335737206527131,naar
1028,maar,3.061408281326294,5.296374797821045,0.9090858697891235,0.5780195696471051,hij
1029,recht,8.230133056640625,6.225610733032227,1.8803958892822266,1.3219800288785615,","
1030,uit,5.094206809997559,4.329620361328125,1.3904651403427124,1.1765943396558893,.
1031,",",2.2951126098632812,4.834450721740723,1.6941571235656738,0.4747411323363099,hij
1032,dan,5.128129482269287,6.448986053466797,0.8677188754081726,0.7951838381651556,","
1033,zul,7.2965803146362305,6.123723983764648,5.6441450119018555,1.1915266484872742,je
1034,je,0.5376158952713013,2.188263416290283,3.4234752655029297,0.2456815259392812,","
1035,bij,5.222482681274414,6.717080116271973,1.5040297508239746,0.7774929866658981,de
1036,een,4.070505142211914,5.381065845489502,2.164073944091797,0.7564496066562498,paard
1037,kasteel,8.355098724365234,7.04907751083374,2.5293407440185547,1.1852754791707523,","
1038,komen,6.977309703826904,5.2249884605407715,0.41726911067962646,1.335373227428099,","
1039,waarvoor,10.574136734008789,4.3948187828063965,1.6358606815338135,2.4060461321812388,hij
1040,een,5.527956008911133,4.9197869300842285,2.863039255142212,1.1236169548538746,paard
1041,heel,5.849940299987793,7.04719877243042,1.657515287399292,0.8301085990185971,wat
1042,regiment,9.411746978759766,6.204521179199219,1.4791780710220337,1.5169175359273228,","
1043,soldaten,8.746601104736328,5.018222808837891,0.27945947647094727,1.742967866897454,","
1044,ligt,10.061897277832031,4.689984321594238,0.5637242794036865,2.1454010478251986,","
1045,.,2.0127382278442383,4.513827323913574,2.032606363296509,0.4459050121791447,Ċ
1046,</s>,0.2905491888523102,2.3002147674560547,2.540381669998169,0.12631393944733516,","
1047,<s>,,,,,de
1048,Maar,6.913516998291016,8.113457679748535,1.6270233392715454,0.8521048942607278,hij
1049,daar,5.493803977966309,5.969527721405029,1.0239794254302979,0.9203079765032482,","
1050,moet,5.42561149597168,6.0446882247924805,1.2818207740783691,0.8975833482558061,je
1051,je,2.7573697566986084,5.648819446563721,1.3955726623535156,0.48813203940798044,","
1052,niet,4.263686180114746,6.696820259094238,0.9358009696006775,0.6366732292575253,.
1053,om,5.343744277954102,5.030526161193848,1.2169018983840942,1.0622634902838715,de
1054,geven,11.914977073669434,5.76169490814209,0.8505887985229492,2.067963900141933,","
1055,",",1.3471710681915283,3.9429333209991455,1.4882886409759521,0.34166722044646525,hij
1056,ze,5.7252678871154785,6.467395305633545,1.1106007099151611,0.8852509575421155,","
1057,liggen,6.385127544403076,6.409856796264648,1.5226905345916748,0.9961419962024762,","
1058,allemaal,7.406976222991943,3.4694085121154785,0.9056615829467773,2.1349391970205103,.
1059,te,5.754136085510254,6.189192295074463,2.0559005737304688,0.9297071105852635,gaan
1060,slapen,4.269412517547607,5.872711181640625,3.0570168495178223,0.7269917395043572,.
1061,en,2.892220973968506,3.2424793243408203,1.964479923248291,0.8919782316750716,hij
1062,te,7.199481964111328,6.583909511566162,2.2960944175720215,1.093496493453285,gaan
1063,snorken,14.583477020263672,4.526271820068359,1.129054307937622,3.2219622682853855,","
1064,.,2.678859233856201,5.757846832275391,1.2773369550704956,0.46525364635265354,Ċ
1065,</s>,1.4640744924545288,6.007735252380371,1.5379953384399414,0.24369823751378467,","
1066,<s>,,,,,de
1067,Ga,8.38135814666748,8.114675521850586,1.9856352806091309,1.032864237651745,","
1068,er,4.8082170486450195,5.398346424102783,1.429144024848938,0.8906833076100994,was
1069,maar,4.728444576263428,5.9698991775512695,0.9037407040596008,0.7920476436258576,hij
1070,midden,8.753399848937988,6.367403030395508,2.407132625579834,1.3747205583112392,in
1071,tussendoor,13.692267417907715,4.550182819366455,1.1995513439178467,3.0091686337592383,.
1072,en,4.16425085067749,5.238612174987793,1.0085755586624146,0.7949148956970066,hij
1073,dan,4.359738826751709,6.618544578552246,0.635481595993042,0.6587156398220357,","
1074,het,5.128227233886719,6.214392185211182,1.526648998260498,0.825217830006081,paard
1075,slot,9.393328666687012,6.806857109069824,2.1271557807922363,1.3799802928389422,","
1076,in,4.966719150543213,3.702202320098877,3.164703369140625,1.3415580028080594,de
1077,",",4.4991607666015625,4.956027030944824,1.6873610019683838,0.907816026528781,de
1078,door,6.560499668121338,6.534915924072266,1.3882074356079102,1.0039149308646544,de
1079,alle,6.320031642913818,5.800336837768555,2.0114378929138184,1.0895973492024293,anderen
1080,kamers,6.070692539215088,7.058480262756348,1.9724977016448975,0.8600566004621047,","
1081,",",1.6996407508850098,5.056619644165039,1.3128528594970703,0.3361219293696072,de
1082,tot,7.555831432342529,6.554926872253418,0.8954386711120605,1.1526950002029581,de
1083,je,3.0043811798095703,5.6025166511535645,1.926509141921997,0.5362556448968278,","
1084,eindelijk,9.272871971130371,6.854821681976318,0.85743248462677,1.352751741961711,","
1085,in,4.461495399475098,5.179872989654541,2.0255746841430664,0.8613136670311768,de
1086,een,3.071817636489868,5.073042869567871,2.279019355773926,0.6055177761096922,paar
1087,vertrek,7.893695831298828,7.174220561981201,2.5624289512634277,1.1002861931971242,","
1088,komt,7.368748664855957,4.406596660614014,0.7164111137390137,1.6722085619311475,","
1089,",",1.911113977432251,4.919810771942139,1.1051117181777954,0.3884527405670568,de
1090,waar,6.252155303955078,6.484260082244873,0.6939294338226318,0.9642048937973137,hij
1091,een,4.838574409484863,5.622917652130127,2.5696187019348145,0.8605095626203718,paar
1092,gouden,7.060873985290527,7.172405242919922,1.6106277704238892,0.9844499503511057,","
1093,vogel,5.121344566345215,6.858182907104492,1.7392277717590332,0.7467494868123069,","
1094,in,3.6493923664093018,4.998723983764648,2.9091997146606445,0.7300647881863772,de
1095,een,2.9384052753448486,5.050271987915039,2.2163939476013184,0.5818310939244965,ander
1096,houten,8.141775131225586,7.198846817016602,1.6020432710647583,1.1309832447024841,","
1097,kooi,6.173275947570801,6.779623985290527,2.0406594276428223,0.9105631759172345,","
1098,hangt,10.02912425994873,4.216375350952148,1.0709729194641113,2.3786127716745944,","
1099,.,2.2733967304229736,4.619811058044434,1.6974388360977173,0.49209733944948447,Ċ
1100,</s>,2.1226203441619873,6.613697052001953,1.3565077781677246,0.32094308636641805,","
1101,<s>,,,,,de
1102,Daarnaast,10.669971466064453,8.122429847717285,2.072415828704834,1.313642797304445,","
1103,staat,6.5910325050354,5.862983703613281,1.4244141578674316,1.1241771831931635,","
1104,een,5.172546863555908,4.306187629699707,3.0459842681884766,1.201189383361035,paar
1105,gouden,6.545151233673096,7.245169639587402,1.3263709545135498,0.9033813643107228,","
1106,kooi,4.7707390785217285,6.288274765014648,0.8746975660324097,0.7586721727021442,","
1107,voor,5.599759101867676,3.8122806549072266,2.629788637161255,1.4688737815406059,de
1108,pronk,13.71818733215332,5.086934566497803,2.3306705951690674,2.696749319816368,","
1109,.,1.8850473165512085,4.108416557312012,2.5992870330810547,0.4588257520275711,Ċ
1110,</s>,5.68897819519043,7.190292835235596,1.3299729824066162,0.7912025734629243,","
1111,<s>,,,,,de
1112,Maar,6.945278167724609,8.121644973754883,1.5222744941711426,0.8551565834468625,hij
1113,pas,6.7031378746032715,6.0953826904296875,1.6211681365966797,1.099707469578213,","
1114,op,4.466038703918457,4.625102519989014,1.8840270042419434,0.9656085858890465,de
1115,dat,4.786545753479004,4.750658988952637,1.9698693752288818,1.0075540603124367,is
1116,je,3.619447708129883,6.56840705871582,0.7076464891433716,0.5510388859544152,","
1117,de,5.220821857452393,6.818507194519043,1.5636892318725586,0.7656839992262637,vos
1118,vogel,4.879878520965576,7.355665683746338,3.3367953300476074,0.6634176607222025,","
1119,niet,5.505649089813232,4.7947587966918945,0.705622673034668,1.1482640364749548,","
1120,uit,5.047930717468262,5.245008945465088,1.1481907367706299,0.9624255687557554,.
1121,zijn,4.397329807281494,5.159726142883301,1.4192538261413574,0.8522409301405728,","
1122,slechte,7.118332862854004,6.766931533813477,0.7707493305206299,1.0519291982318162,","
1123,kooi,7.939680576324463,5.879886627197266,0.8287470936775208,1.350311847782859,","
1124,neemt,8.98929214477539,3.9713916778564453,1.4605262279510498,2.2635118552767257,","
1125,en,3.7387943267822266,4.800755500793457,1.0026302337646484,0.7787929058591482,de
1126,in,4.436839580535889,6.614879608154297,1.1548815965652466,0.6707362557387297,de
1127,de,1.5046204328536987,5.277775764465332,1.917269229888916,0.28508608550293824,vos
1128,pronkkooi,22.213241577148438,6.683570384979248,1.727808952331543,3.323559160395886,","
1129,zet,9.852017402648926,4.738223075866699,0.20860445499420166,2.07926415554988,","
1130,.,2.210296869277954,4.253266334533691,1.3741884231567383,0.5196704592260811,de
1131,</s>,5.594720363616943,7.148560047149658,1.4895895719528198,0.7826359891664788,","
1132,<s>,,,,,de
1133,Of,8.7892484664917,8.119721412658691,1.5265241861343384,1.0824568996652042,hij
1134,het,3.375488042831421,6.197964668273926,1.4162054061889648,0.544612340259026,huis
1135,kon,6.8396759033203125,6.898582935333252,2.0160694122314453,0.9914609953138015,je
1136,slecht,8.407602310180664,5.115867614746094,1.4156756401062012,1.6434362542819518,","
1137,met,4.92439603805542,5.182103157043457,2.6514101028442383,0.9502697821370529,de
1138,je,2.692835807800293,5.894492149353027,2.194096565246582,0.4568393238246751,","
1139,aflopen,11.155485153198242,6.910452842712402,2.0012245178222656,1.614291480906718,","
1140,.,1.064193606376648,2.359130382537842,2.491974353790283,0.451095714867543,de
1141,</s>,5.754123687744141,7.164200782775879,1.5257481336593628,0.8031773343899244,","
1142,<s>,,,,,de
1143,Toen,8.876629829406738,8.121384620666504,1.8709704875946045,1.0929946362616987,hij
1144,strekte,10.142614364624023,5.6075544357299805,1.5794789791107178,1.8087411332108947,","
1145,de,3.559741497039795,3.410727024078369,3.8474159240722656,1.0436899440821394,nacht
1146,vos,4.017502784729004,7.299129486083984,3.333883762359619,0.5504084825989862,","
1147,weer,5.4823994636535645,4.4606218338012695,0.5240478515625,1.229066185819557,","
1148,zijn,6.050081729888916,5.28101921081543,1.424989938735962,1.145627669276124,","
1149,staart,6.574770450592041,6.782292366027832,1.5178645849227905,0.969402393138453,","
1150,uit,5.567356586456299,3.3361029624938965,0.9924825429916382,1.6688203718671901,.
1151,.,1.7261114120483398,4.8568220138549805,1.478022813796997,0.3553993552006412,de
1152,</s>,5.697841644287109,7.14811897277832,1.5279390811920166,0.7971106337185768,","
1153,<s>,,,,,de
1154,En,6.296919822692871,8.121735572814941,1.5441856384277344,0.7753170201415951,de
1155,de,3.040329933166504,6.25557804107666,2.084501266479492,0.4860190238539853,vos
1156,prins,7.006924629211426,7.277549743652344,3.500659465789795,0.9628137046157652,","
1157,ging,5.025936126708984,4.578114032745361,1.3057973384857178,1.0978180295992053,","
1158,er,4.000233173370361,5.24429178237915,2.4483699798583984,0.7627785293738168,was
1159,op,5.2252888679504395,6.036121368408203,2.1540141105651855,0.8656699474762898,de
1160,zitten,7.181044578552246,4.832106113433838,1.3022247552871704,1.4861106958284869,","
1161,.,1.270700454711914,3.3777899742126465,1.9085454940795898,0.376192855213892,de
1162,</s>,5.760162353515625,7.147678375244141,1.5954909324645996,0.8058787834474823,","
1163,<s>,,,,,de
1164,En,6.295373439788818,8.120290756225586,1.5348117351531982,0.7752645353200367,de
1165,het,3.8324992656707764,6.284379005432129,1.4688915014266968,0.6098453422936487,huis
1166,ging,4.814646244049072,6.829131603240967,1.570441484451294,0.7050158825119345,","
1167,over,5.5691938400268555,5.189816474914551,1.0814859867095947,1.07310034313276,.
1168,stok,9.985589027404785,5.062169075012207,0.9858136177062988,1.9725909742318724,","
1169,en,2.8020107746124268,3.8920230865478516,2.0231385231018066,0.7199368329281304,de
1170,steen,10.285033226013184,6.671259880065918,2.2649643421173096,1.5416927853081266,","
1171,",",1.3907127380371094,4.531208038330078,1.6025006771087646,0.30691875682442504,de
1172,dat,3.7763237953186035,6.603155136108398,0.5200324058532715,0.5718968761870099,is
1173,de,3.751070976257324,6.600136756896973,1.7019882202148438,0.568332311044548,vos
1174,haren,7.238821506500244,7.295045852661133,2.9284820556640625,0.9922928042816374,","
1175,floten,12.198222637176514,5.352665901184082,4.001088619232178,2.278906037172636,","
1176,in,4.369307518005371,4.536890983581543,1.6068382263183594,0.9630620470752689,de
1177,de,1.4836214780807495,5.371219635009766,1.8129794597625732,0.2762168704497693,vos
1178,wind,4.399653911590576,7.318266868591309,3.4625043869018555,0.6011879575576976,","
1179,.,1.9929113388061523,4.3797993659973145,1.9761590957641602,0.45502343195858946,de
1180,</s>,6.111466407775879,6.974257946014404,1.8996644020080566,0.8762891271132885,","
